period_start,review_count,high_score_ratio,average_rating
2010-04-19,6,0.0,1.5
2010-04-26,15,0.0,2.6666666666666665
2010-05-03,11,0.0,2.6363636363636362
2010-05-10,26,0.0,2.423076923076923
2010-05-17,17,0.0,2.3529411764705883
2010-05-24,18,0.0,2.1666666666666665
2010-05-31,7,0.0,2.7142857142857144
2010-06-07,25,0.0,2.36
2010-06-14,9,0.0,2.0
2010-06-21,15,0.0,2.2
2010-06-28,14,0.0,1.9285714285714286
2010-07-05,17,0.0,2.176470588235294
2010-07-12,18,0.0,2.388888888888889
2010-07-19,22,0.0,2.6818181818181817
2010-07-26,25,0.0,1.96
2010-08-02,34,0.0,1.7647058823529411
2010-08-09,21,0.0,2.0952380952380953
2010-08-16,27,0.0,2.2222222222222223
2010-08-23,17,0.0,2.0588235294117645
2010-08-30,25,0.0,2.2
2010-09-06,27,0.0,2.074074074074074
2010-09-13,14,0.0,2.142857142857143
2010-09-20,17,0.0,1.9411764705882353
2010-09-27,38,0.0,1.9473684210526316
2010-10-04,11,0.0,2.1818181818181817
2010-10-11,14,0.0,2.0
2010-10-18,16,0.0,2.1875
2010-10-25,8,0.0,1.875
2010-11-01,16,0.0,2.375
2010-11-08,8,0.0,2.125
2010-11-15,13,0.0,2.5384615384615383
2010-11-22,11,0.0,1.6363636363636365
2010-11-29,22,0.0,2.272727272727273
2010-12-06,20,0.0,1.9
2010-12-13,21,0.0,1.9523809523809523
2010-12-20,12,0.0,1.3333333333333333
2010-12-27,26,0.0,2.5
2011-01-03,19,0.0,1.9473684210526316
2011-01-10,27,0.0,1.8148148148148149
2011-01-17,26,0.0,2.1538461538461537
2011-01-24,18,0.0,2.2222222222222223
2011-01-31,34,0.0,1.6176470588235294
2011-02-07,21,0.0,1.8571428571428572
2011-02-14,16,0.0,2.125
2011-02-21,26,0.0,2.1538461538461537
2011-02-28,20,0.0,2.3
2011-03-07,14,0.0,1.7857142857142858
2011-03-14,14,0.0,2.0
2011-03-21,8,0.0,1.625
2011-03-28,14,0.0,1.4285714285714286
2011-04-04,23,0.0,1.565217391304348
2011-04-11,23,0.0,2.1739130434782608
2011-04-18,11,0.0,1.7272727272727273
2011-04-25,18,0.0,2.2222222222222223
2011-05-02,11,0.0,1.7272727272727273
2011-05-09,16,0.0,1.8125
2011-05-16,11,0.0,2.0
2011-05-23,10,0.0,2.4
2011-05-30,6,0.0,1.3333333333333333
2011-06-06,16,0.0,1.9375
2011-06-13,15,0.0,1.8
2011-06-20,15,0.0,2.0
2011-06-27,19,0.0,2.210526315789474
2011-07-04,13,0.0,1.8461538461538463
2011-07-11,8,0.0,1.875
2011-07-18,16,0.0,1.875
2011-07-25,9,0.0,2.0
2011-08-01,10,0.0,1.8
2011-08-08,13,0.0,1.8461538461538463
2011-08-15,16,0.0,1.6875
2011-08-22,22,0.0,2.1363636363636362
2011-08-29,10,0.0,2.5
2011-09-05,8,0.0,1.875
2011-09-12,14,0.0,1.7142857142857142
2011-09-19,17,0.0,2.176470588235294
2011-09-26,18,0.0,2.3333333333333335
2011-10-03,10,0.0,1.5
2011-10-10,8,0.0,2.25
2011-10-17,13,0.0,2.1538461538461537
2011-10-24,8,0.0,2.375
2011-10-31,9,0.0,1.8888888888888888
2011-11-07,3,0.0,2.0
2011-11-14,7,0.14285714285714285,1.8571428571428572
2011-11-21,8,0.0,1.875
2011-11-28,8,0.0,1.375
2011-12-05,14,0.0,1.5
2011-12-12,17,0.0,2.176470588235294
2011-12-19,15,0.0,1.6
2011-12-26,9,0.0,1.7777777777777777
2012-01-02,8,0.0,1.875
2012-01-09,12,0.08333333333333333,2.0833333333333335
2012-01-16,6,0.0,1.6666666666666667
2012-01-23,20,0.0,1.55
2012-01-30,18,0.0,1.5
2012-02-06,16,0.0,1.6875
2012-02-13,19,0.0,1.4210526315789473
2012-02-20,19,0.05263157894736842,2.0526315789473686
2012-02-27,22,0.0,1.4545454545454546
2012-03-05,29,0.06896551724137931,2.206896551724138
2012-03-12,230,0.08695652173913043,1.8521739130434782
2012-03-19,57,0.10526315789473684,1.7017543859649122
2012-03-26,23,0.13043478260869565,1.9130434782608696
2012-04-02,25,0.08,1.92
2012-04-09,17,0.0,1.7647058823529411
2012-04-16,15,0.0,2.0
2012-04-23,14,0.0,1.9285714285714286
2012-04-30,12,0.08333333333333333,2.1666666666666665
2012-05-07,33,0.030303030303030304,1.696969696969697
2012-05-14,24,0.0,1.9166666666666667
2012-05-21,23,0.043478260869565216,2.260869565217391
2012-05-28,15,0.06666666666666667,1.9333333333333333
2012-06-04,20,0.0,2.1
2012-06-11,22,0.0,1.7272727272727273
2012-06-18,31,0.03225806451612903,2.5161290322580645
2012-06-25,33,0.030303030303030304,2.1818181818181817
2012-07-02,46,0.0,2.0
2012-07-09,26,0.0,2.1538461538461537
2012-07-16,9,0.0,1.5555555555555556
2012-07-23,43,0.0,2.116279069767442
2012-07-30,33,0.0,2.121212121212121
2012-08-06,27,0.0,2.111111111111111
2012-08-13,25,0.0,2.36
2012-08-20,22,0.0,2.090909090909091
2012-08-27,17,0.0,1.7647058823529411
2012-09-03,34,0.0,1.8529411764705883
2012-09-10,28,0.0,1.8571428571428572
2012-09-17,24,0.0,2.0416666666666665
2012-09-24,17,0.0,2.1176470588235294
2012-10-01,28,0.03571428571428571,2.25
2012-10-08,29,0.034482758620689655,2.206896551724138
2012-10-15,28,0.0,1.8571428571428572
2012-10-22,31,0.0,1.8064516129032258
2012-10-29,30,0.0,2.0
2012-11-05,16,0.0,2.375
2012-11-12,23,0.0,2.0434782608695654
2012-11-19,29,0.0,1.5862068965517242
2012-11-26,24,0.0,2.1666666666666665
2012-12-03,20,0.0,1.85
2012-12-10,24,0.0,1.5416666666666667
2012-12-17,21,0.0,2.2857142857142856
2012-12-24,17,0.0,2.0588235294117645
2012-12-31,26,0.0,2.076923076923077
2013-01-07,17,0.0,2.4705882352941178
2013-01-14,21,0.0,2.0952380952380953
2013-01-21,19,0.0,1.8421052631578947
2013-01-28,20,0.0,1.7
2013-02-04,18,0.0,1.8888888888888888
2013-02-11,33,0.0,1.7575757575757576
2013-02-18,12,0.0,1.9166666666666667
2013-02-25,17,0.0,1.9411764705882353
2013-03-04,17,0.0,1.8235294117647058
2013-03-11,15,0.0,2.1333333333333333
2013-03-18,542,0.31365313653136534,2.5313653136531364
2013-03-25,240,0.6041666666666666,3.6458333333333335
2013-04-01,50,0.56,3.58
2013-04-08,54,0.3333333333333333,2.7962962962962963
2013-04-15,35,0.02857142857142857,1.6285714285714286
2013-04-22,18,0.05555555555555555,2.111111111111111
2013-04-29,11,0.0,2.1818181818181817
2013-05-06,12,0.0,2.0
2013-05-13,28,0.0,2.357142857142857
2013-05-20,27,0.0,1.8888888888888888
2013-05-27,18,0.0,2.0555555555555554
2013-06-03,21,0.0,1.9047619047619047
2013-06-10,14,0.0,2.0714285714285716
2013-06-17,23,0.0,1.608695652173913
2013-06-24,20,0.1,2.15
2013-07-01,26,0.0,1.8076923076923077
2013-07-08,26,0.0,1.6538461538461537
2013-07-15,23,0.0,1.9130434782608696
2013-07-22,27,0.0,1.7777777777777777
2013-07-29,15,0.0,2.0
2013-08-05,20,0.0,2.3
2013-08-12,19,0.0,1.5263157894736843
2013-08-19,9,0.0,2.0
2013-08-26,32,0.0625,1.96875
2013-09-02,35,0.0,1.9428571428571428
2013-09-09,22,0.045454545454545456,2.1363636363636362
2013-09-16,22,0.045454545454545456,2.0
2013-09-23,12,0.0,1.75
2013-09-30,16,0.0625,2.1875
2013-10-07,20,0.0,2.0
2013-10-14,23,0.043478260869565216,1.9130434782608696
2013-10-21,19,0.0,1.8421052631578947
2013-10-28,54,0.3333333333333333,2.7962962962962963
2013-11-04,30,0.26666666666666666,2.566666666666667
2013-11-11,51,0.35294117647058826,2.764705882352941
2013-11-18,37,0.32432432432432434,2.810810810810811
2013-11-25,30,0.36666666666666664,2.6333333333333333
2013-12-02,47,0.3404255319148936,2.595744680851064
2013-12-09,34,0.38235294117647056,2.764705882352941
2013-12-16,55,0.32727272727272727,2.6
2013-12-23,55,0.41818181818181815,3.018181818181818
2013-12-30,48,0.3541666666666667,2.5833333333333335
2014-01-06,57,0.2631578947368421,2.4210526315789473
2014-01-13,58,0.4482758620689655,2.8275862068965516
2014-01-20,63,0.30158730158730157,2.5873015873015874
2014-01-27,58,0.3793103448275862,2.6724137931034484
2014-02-03,50,0.52,2.9
2014-02-10,46,0.5869565217391305,3.0869565217391304
2014-02-17,49,0.24489795918367346,2.306122448979592
2014-02-24,44,0.36363636363636365,2.6136363636363638
2014-03-03,42,0.30952380952380953,2.4523809523809526
2014-03-10,71,0.4647887323943662,3.084507042253521
2014-03-17,705,0.4368794326241135,2.90354609929078
2014-03-24,392,0.45918367346938777,3.0127551020408165
2014-03-31,117,0.38461538461538464,2.9145299145299144
2014-04-07,104,0.41346153846153844,2.826923076923077
2014-04-14,63,0.3492063492063492,2.5238095238095237
2014-04-21,79,0.189873417721519,2.0253164556962027
2014-04-28,69,0.3188405797101449,2.391304347826087
2014-05-05,61,0.16393442622950818,2.098360655737705
2014-05-12,80,0.2,2.125
2014-05-19,61,0.14754098360655737,2.098360655737705
2014-05-26,94,0.2765957446808511,2.234042553191489
2014-06-02,103,0.17475728155339806,1.9514563106796117
2014-06-09,87,0.1839080459770115,2.057471264367816
2014-06-16,123,0.13008130081300814,1.9268292682926829
2014-06-23,93,0.13978494623655913,1.8172043010752688
2014-06-30,88,0.3068181818181818,2.375
2014-07-07,111,0.1981981981981982,1.936936936936937
2014-07-14,128,0.2578125,2.375
2014-07-21,116,0.1810344827586207,1.9224137931034482
2014-07-28,129,0.20930232558139536,2.0310077519379846
2014-08-04,105,0.21904761904761905,2.0285714285714285
2014-08-11,131,0.2366412213740458,2.1755725190839694
2014-08-18,148,0.25,2.1216216216216215
2014-08-25,154,0.19480519480519481,2.0259740259740258
2014-09-01,162,0.16666666666666666,1.9876543209876543
2014-09-08,144,0.08333333333333333,1.8402777777777777
2014-09-15,115,0.23478260869565218,2.4347826086956523
2014-09-22,89,0.2696629213483146,2.831460674157303
2014-09-29,71,0.2535211267605634,2.6901408450704225
2014-10-06,77,0.22077922077922077,2.5064935064935066
2014-10-13,62,0.22580645161290322,2.596774193548387
2014-10-20,55,0.2,2.618181818181818
2014-10-27,92,0.1956521739130435,2.7065217391304346
2014-11-03,89,0.16853932584269662,2.6741573033707864
2014-11-10,84,0.10714285714285714,2.5714285714285716
2014-11-17,69,0.18840579710144928,2.449275362318841
2014-11-24,91,0.1978021978021978,2.659340659340659
2014-12-01,84,0.27380952380952384,2.619047619047619
2014-12-08,65,0.3384615384615385,2.753846153846154
2014-12-15,78,0.2692307692307692,2.7051282051282053
2014-12-22,172,0.38953488372093026,2.866279069767442
2014-12-29,153,0.33986928104575165,2.823529411764706
2015-01-05,111,0.23423423423423423,2.4054054054054053
2015-01-12,97,0.25773195876288657,2.536082474226804
2015-01-19,67,0.26865671641791045,2.4925373134328357
2015-01-26,100,0.2,2.49
2015-02-02,90,0.26666666666666666,2.5444444444444443
2015-02-09,91,0.24175824175824176,2.5934065934065935
2015-02-16,90,0.2111111111111111,2.577777777777778
2015-02-23,71,0.16901408450704225,2.492957746478873
2015-03-02,102,0.3137254901960784,2.7058823529411766
2015-03-09,139,0.18705035971223022,2.3741007194244603
2015-03-16,644,0.32919254658385094,2.532608695652174
2015-03-23,292,0.4554794520547945,3.047945205479452
2015-03-30,123,0.3089430894308943,2.707317073170732
2015-04-06,100,0.28,2.61
2015-04-13,64,0.25,2.515625
2015-04-20,69,0.17391304347826086,2.3768115942028984
2015-04-27,92,0.2608695652173913,2.6630434782608696
2015-05-04,73,0.2876712328767123,2.8493150684931505
2015-05-11,83,0.3614457831325301,3.0
2015-05-18,99,0.48484848484848486,3.3535353535353534
2015-05-25,87,0.39080459770114945,2.9655172413793105
2015-06-01,69,0.30434782608695654,2.753623188405797
2015-06-08,81,0.18518518518518517,2.567901234567901
2015-06-15,65,0.2153846153846154,2.753846153846154
2015-06-22,72,0.19444444444444445,2.625
2015-06-29,73,0.1643835616438356,2.3972602739726026
2015-07-06,76,0.11842105263157894,2.473684210526316
2015-07-13,68,0.23529411764705882,2.8088235294117645
2015-07-20,79,0.16455696202531644,2.5443037974683542
2015-07-27,84,0.15476190476190477,2.4404761904761907
2015-08-03,75,0.22666666666666666,2.6666666666666665
2015-08-10,79,0.16455696202531644,2.5443037974683542
2015-08-17,73,0.1506849315068493,2.506849315068493
2015-08-24,65,0.13846153846153847,2.4153846153846152
2015-08-31,63,0.25396825396825395,2.5555555555555554
2015-09-07,71,0.2112676056338028,2.563380281690141
2015-09-14,78,0.16666666666666666,2.6666666666666665
2015-09-21,96,0.20833333333333334,2.5208333333333335
2015-09-28,106,0.19811320754716982,2.6320754716981134
2015-10-05,94,0.1276595744680851,2.4148936170212765
2015-10-12,92,0.18478260869565216,2.619565217391304
2015-10-19,119,0.15966386554621848,2.495798319327731
2015-10-26,118,0.17796610169491525,2.5338983050847457
2015-11-02,96,0.17708333333333334,2.5104166666666665
2015-11-09,85,0.16470588235294117,2.4941176470588236
2015-11-16,89,0.1797752808988764,2.640449438202247
2015-11-23,108,0.3148148148148148,2.740740740740741
2015-11-30,128,0.2265625,2.6640625
2015-12-07,120,0.175,2.658333333333333
2015-12-14,97,0.20618556701030927,2.597938144329897
2015-12-21,92,0.2826086956521739,2.717391304347826
2015-12-28,126,0.2857142857142857,2.7063492063492065
2016-01-04,137,0.2773722627737226,2.7664233576642334
2016-01-11,90,0.23333333333333334,2.688888888888889
2016-01-18,107,0.2523364485981308,2.878504672897196
2016-01-25,99,0.12121212121212122,2.5454545454545454
2016-02-01,77,0.23376623376623376,2.779220779220779
2016-02-08,95,0.18947368421052632,2.6315789473684212
2016-02-15,116,0.2413793103448276,2.8706896551724137
2016-02-22,109,0.1926605504587156,2.7522935779816513
2016-02-29,119,0.17647058823529413,2.680672268907563
2016-03-07,120,0.30833333333333335,3.025
2016-03-14,510,0.5235294117647059,3.3666666666666667
2016-03-21,218,0.27522935779816515,2.8256880733944953
2016-03-28,157,0.34394904458598724,2.9745222929936306
2016-04-04,139,0.2949640287769784,2.7985611510791366
2016-04-11,130,0.27692307692307694,2.9076923076923076
2016-04-18,92,0.2826086956521739,2.847826086956522
2016-04-25,111,0.25225225225225223,2.8018018018018016
2016-05-02,104,0.23076923076923078,2.6346153846153846
2016-05-09,92,0.16304347826086957,2.597826086956522
2016-05-16,92,0.2826086956521739,2.7934782608695654
2016-05-23,92,0.15217391304347827,2.5543478260869565
2016-05-30,79,0.27848101265822783,2.8987341772151898
2016-06-06,112,0.21428571428571427,2.8392857142857144
2016-06-13,114,0.19298245614035087,2.7017543859649122
2016-06-20,91,0.2857142857142857,2.912087912087912
2016-06-27,94,0.2872340425531915,2.797872340425532
2016-07-04,114,0.21929824561403508,2.692982456140351
2016-07-11,102,0.24509803921568626,2.7450980392156863
2016-07-18,97,0.3402061855670103,2.88659793814433
2016-07-25,84,0.32142857142857145,2.988095238095238
2016-08-01,98,0.2653061224489796,2.6530612244897958
2016-08-08,152,0.17105263157894737,2.638157894736842
2016-08-15,178,0.14606741573033707,2.5786516853932584
2016-08-22,141,0.2127659574468085,2.7872340425531914
2016-08-29,116,0.20689655172413793,2.6724137931034484
2016-09-05,99,0.16161616161616163,2.6161616161616164
2016-09-12,134,0.20149253731343283,2.6194029850746268
2016-09-19,138,0.2246376811594203,2.5942028985507246
2016-09-26,114,0.2719298245614035,2.9035087719298245
2016-10-03,112,0.32142857142857145,2.9017857142857144
2016-10-10,91,0.32967032967032966,2.901098901098901
2016-10-17,94,0.2872340425531915,2.8191489361702127
2016-10-24,101,0.18811881188118812,2.6633663366336635
2016-10-31,111,0.23423423423423423,2.8378378378378377
2016-11-07,115,0.1565217391304348,2.591304347826087
2016-11-14,137,0.1897810218978102,2.6204379562043796
2016-11-21,122,0.3114754098360656,2.8524590163934427
2016-11-28,112,0.32142857142857145,2.9107142857142856
2016-12-05,149,0.3624161073825503,2.953020134228188
2016-12-12,150,0.4,3.08
2016-12-19,184,0.532608695652174,3.255434782608696
2016-12-26,264,0.4621212121212121,3.0757575757575757
2017-01-02,165,0.4303030303030303,3.103030303030303
2017-01-09,145,0.41379310344827586,2.972413793103448
2017-01-16,132,0.3409090909090909,2.962121212121212
2017-01-23,128,0.2734375,2.8046875
2017-01-30,127,0.33070866141732286,2.8661417322834644
2017-02-06,334,0.12275449101796407,2.2395209580838324
2017-02-13,221,0.1583710407239819,2.4615384615384617
2017-02-20,195,0.2564102564102564,2.825641025641026
2017-02-27,171,0.32748538011695905,2.953216374269006
2017-03-06,168,0.3630952380952381,2.9761904761904763
2017-03-13,396,0.4015151515151515,2.8813131313131315
2017-03-20,183,0.36065573770491804,2.939890710382514
2017-03-27,192,0.4322916666666667,3.1979166666666665
2017-04-03,216,0.49537037037037035,3.425925925925926
2017-04-10,135,0.3925925925925926,2.9703703703703703
2017-04-17,238,0.29411764705882354,2.642857142857143
2017-04-24,148,0.40540540540540543,3.1554054054054053
2017-05-01,159,0.36477987421383645,2.993710691823899
2017-05-08,408,0.17647058823529413,2.7083333333333335
2017-05-15,270,0.3,2.814814814814815
2017-05-22,224,0.2857142857142857,2.9375
2017-05-29,183,0.3442622950819672,2.9672131147540983
2017-06-05,174,0.3103448275862069,2.9482758620689653
2017-06-12,161,0.2608695652173913,2.8819875776397517
2017-06-19,166,0.28313253012048195,2.9036144578313254
2017-06-26,204,0.5490196078431373,3.4558823529411766
2017-07-03,272,0.5992647058823529,3.636029411764706
2017-07-10,176,0.3465909090909091,3.090909090909091
2017-07-17,142,0.3028169014084507,2.964788732394366
2017-07-24,180,0.32222222222222224,2.988888888888889
2017-07-31,169,0.44970414201183434,3.331360946745562
2017-08-07,204,0.47058823529411764,3.3137254901960786
2017-08-14,218,0.42201834862385323,3.206422018348624
2017-08-21,156,0.42948717948717946,3.217948717948718
2017-08-28,138,0.36231884057971014,3.0869565217391304
2017-09-04,153,0.37254901960784315,3.1176470588235294
2017-09-11,152,0.3684210526315789,3.0328947368421053
2017-09-18,176,0.3068181818181818,2.9545454545454546
2017-09-25,194,0.26288659793814434,2.8092783505154637
2017-10-02,160,0.25625,2.9
2017-10-09,158,0.31645569620253167,3.0316455696202533
2017-10-16,144,0.2916666666666667,2.9097222222222223
2017-10-23,193,0.25906735751295334,2.7979274611398965
2017-10-30,126,0.3492063492063492,2.8492063492063493
2017-11-06,331,0.338368580060423,3.0574018126888216
2017-11-13,237,0.2911392405063291,2.9156118143459917
2017-11-20,215,0.3488372093023256,2.9674418604651165
2017-11-27,187,0.31016042780748665,2.9197860962566846
2017-12-04,229,0.43231441048034935,3.1004366812227073
2017-12-11,226,0.3805309734513274,2.995575221238938
2017-12-18,202,0.3069306930693069,2.9455445544554455
2017-12-25,252,0.3611111111111111,3.0515873015873014
2018-01-01,205,0.2634146341463415,2.765853658536585
2018-01-08,199,0.3165829145728643,2.8542713567839195
2018-01-15,191,0.28272251308900526,2.7905759162303663
2018-01-22,152,0.2631578947368421,2.7302631578947367
2018-01-29,183,0.28415300546448086,2.8469945355191255
2018-02-05,159,0.2578616352201258,2.779874213836478
2018-02-12,169,0.2603550295857988,2.7633136094674557
2018-02-19,205,0.3024390243902439,2.8780487804878048
2018-02-26,211,0.3412322274881517,2.947867298578199
2018-03-05,196,0.32142857142857145,2.892857142857143
2018-03-12,499,0.34468937875751504,2.755511022044088
2018-03-19,239,0.2719665271966527,2.7322175732217575
2018-03-26,234,0.3034188034188034,2.8675213675213675
2018-04-02,267,0.2958801498127341,2.816479400749064
2018-04-09,229,0.2794759825327511,2.8296943231441047
2018-04-16,206,0.2766990291262136,2.936893203883495
2018-04-23,202,0.32673267326732675,2.900990099009901
2018-04-30,212,0.33962264150943394,2.9056603773584904
2018-05-07,207,0.3719806763285024,2.898550724637681
2018-05-14,214,0.32242990654205606,2.850467289719626
2018-05-21,159,0.3018867924528302,2.9056603773584904
2018-05-28,185,0.32972972972972975,2.9567567567567568
2018-06-04,187,0.2620320855614973,2.8609625668449197
2018-06-11,184,0.30978260869565216,2.880434782608696
2018-06-18,188,0.20212765957446807,2.632978723404255
2018-06-25,181,0.292817679558011,2.9613259668508287
2018-07-02,177,0.3220338983050847,2.853107344632768
2018-07-09,171,0.2573099415204678,2.865497076023392
2018-07-16,186,0.2903225806451613,2.9193548387096775
2018-07-23,215,0.26046511627906976,2.8465116279069766
2018-07-30,216,0.25,2.837962962962963
2018-08-06,217,0.28110599078341014,2.880184331797235
2018-08-13,234,0.2264957264957265,2.7905982905982905
2018-08-20,208,0.2932692307692308,2.9615384615384617
2018-08-27,233,0.30042918454935624,2.9012875536480687
2018-09-03,255,0.3058823529411765,2.8117647058823527
2018-09-10,912,0.48793859649122806,3.338815789473684
2018-09-17,1354,0.43870014771048743,3.090103397341211
2018-09-24,1611,0.49596523898199874,3.3060211049037864
2018-10-01,1564,0.49744245524296676,3.2653452685421995
2018-10-08,1493,0.48024112525117213,3.2645679839249833
2018-10-15,1363,0.5011005135730008,3.297872340425532
2018-10-22,1800,0.5455555555555556,3.477222222222222
2018-10-29,1493,0.5237776289350301,3.3878097789685198
2018-11-05,1648,0.5618932038834952,3.4981796116504853
2018-11-12,1528,0.5301047120418848,3.4103403141361257
2018-11-19,1411,0.4982282069454288,3.3345145287030475
2018-11-26,1473,0.5241004752206382,3.3754243041412084
2018-12-03,1421,0.5130190007037297,3.3821252638986627
2018-12-10,1399,0.4839170836311651,3.2208720514653324
2018-12-17,1593,0.5116133082234777,3.3691148775894537
2018-12-24,1514,0.4966974900924703,3.2562747688243063
2018-12-31,1683,0.5240641711229946,3.3291740938799763
2019-01-07,1471,0.5057783820530252,3.272603670972128
2019-01-14,1490,0.4919463087248322,3.2228187919463087
2019-01-21,1537,0.49056603773584906,3.1925829538061157
2019-01-28,1571,0.5079567154678549,3.2864417568427755
2019-02-04,1800,0.5094444444444445,3.311111111111111
2019-02-11,1679,0.5122096486003573,3.268612269207862
2019-02-18,1789,0.5170486305198435,3.3365008384572388
2019-02-25,1584,0.5113636363636364,3.2948232323232323
2019-03-04,1625,0.4966153846153846,3.260307692307692
2019-03-11,1637,0.5235186316432499,3.321319486866219
2019-03-18,2072,0.5062741312741312,3.2287644787644787
2019-03-25,1991,0.5223505775991963,3.3043696634856854
2019-04-01,1712,0.4941588785046729,3.2330607476635516
2019-04-08,1919,0.47368421052631576,3.212089630015633
2019-04-15,1678,0.4791418355184744,3.1799761620977356
2019-04-22,1709,0.48683440608543005,3.1860737273259216
2019-04-29,1720,0.45348837209302323,3.11453488372093
2019-05-06,1711,0.4640561075394506,3.156633547632963
2019-05-13,1763,0.5076574021554169,3.2824730572887124
2019-05-20,1721,0.4811156304474143,3.21266705403835
2019-05-27,1925,0.48,3.1911688311688313
2019-06-03,1812,0.4663355408388521,3.174944812362031
2019-06-10,1824,0.4512061403508772,3.084978070175439
2019-06-17,1739,0.4548591144335825,3.105232892466935
2019-06-24,1805,0.46814404432132967,3.162880886426593
2019-07-01,1764,0.4603174603174603,3.1723356009070294
2019-07-08,1816,0.45374449339207046,3.0627753303964758
2019-07-15,1881,0.5199362041467305,3.3094098883572567
2019-07-22,2304,0.5872395833333334,3.50390625
2019-07-29,2317,0.5369011652999568,3.353042727665084
2019-08-05,2241,0.45158411423471667,3.099955377063811
2019-08-12,2316,0.4369602763385147,3.04706390328152
2019-08-19,2155,0.42505800464037125,3.014849187935035
2019-08-26,2003,0.4797803295057414,3.128307538691962
2019-09-02,1933,0.4692188308329022,3.106570098292809
2019-09-09,1783,0.46102075154234434,3.1155356141334827
2019-09-16,1991,0.4490205926670015,3.0562531391260674
2019-09-23,3725,0.4759731543624161,3.1812080536912752
2019-09-30,2555,0.4583170254403131,3.1436399217221136
2019-10-07,2077,0.44294655753490614,3.0847376023110256
2019-10-14,2049,0.4343582235236701,3.079551000488043
2019-10-21,2092,0.44980879541108987,3.133843212237094
2019-10-28,1768,0.4411764705882353,3.081447963800905
2019-11-04,1797,0.46188091263216474,3.1580411797440178
2019-11-11,1841,0.46985334057577405,3.173818576860402
2019-11-18,1964,0.4526476578411405,3.1176171079429733
2019-11-25,1862,0.45542427497314714,3.1219119226638026
2019-12-02,2161,0.45719574271170754,3.106894956038871
2019-12-09,2110,0.4483412322274882,3.095260663507109
2019-12-16,1994,0.4448345035105316,3.0867602808425274
2019-12-23,2025,0.4720987654320988,3.198024691358025
2019-12-30,2254,0.45607808340727596,3.106477373558119
2020-01-06,2656,0.5549698795180723,3.4615963855421685
2020-01-13,2742,0.5160466812545588,3.340262582056893
2020-01-20,2256,0.4596631205673759,3.1648936170212765
2020-01-27,2069,0.4499758337361044,3.138231029482842
2020-02-03,2089,0.4552417424605074,3.1278123504068933
2020-02-10,2039,0.45659637076998527,3.1515448749386956
2020-02-17,2016,0.4503968253968254,3.1319444444444446
2020-02-24,2120,0.44528301886792454,3.086320754716981
2020-03-02,2091,0.4720229555236729,3.2113821138211383
2020-03-09,2208,0.4682971014492754,3.213768115942029
2020-03-16,2480,0.4653225806451613,3.175806451612903
2020-03-23,3538,0.44431882419446017,3.091294516676088
2020-03-30,3771,0.4738796075311588,3.2325643065499867
2020-04-06,3945,0.4600760456273764,3.1746514575411915
2020-04-13,3983,0.4687421541551594,3.181019332161687
2020-04-20,3996,0.43543543543543545,3.088088088088088
2020-04-27,3657,0.4197429587093246,3.062346185397867
2020-05-04,3262,0.4190680564071122,3.0358675659104843
2020-05-11,3408,0.420481220657277,3.0639671361502345
2020-05-18,3242,0.4096236890808143,2.997840838988279
2020-05-25,3201,0.4289284598562949,3.0662293033427055
2020-06-01,3155,0.4687797147385103,3.2003169572107764
2020-06-08,2850,0.4382456140350877,3.127719298245614
2020-06-15,2645,0.42533081285444235,3.047258979206049
2020-06-22,2642,0.4314912944738834,3.05223315669947
2020-06-29,2929,0.39433253670194607,2.937521338340731
2020-07-06,3010,0.42159468438538206,3.046511627906977
2020-07-13,2716,0.4374079528718704,3.11340206185567
2020-07-20,3060,0.492483660130719,3.2490196078431373
2020-07-27,3009,0.44798936523762045,3.1159853772017283
2020-08-03,2808,0.4675925925925926,3.1663105413105415
2020-08-10,3148,0.47363405336721726,3.1778907242693775
2020-08-17,2791,0.4725904693658187,3.1827302042278753
2020-08-24,2849,0.49245349245349246,3.2302562302562303
2020-08-31,2717,0.4644828855355171,3.1917556128082443
2020-09-07,2706,0.4722838137472284,3.2195121951219514
2020-09-14,2582,0.4539116963594113,3.1595662277304415
2020-09-21,2573,0.4434512242518461,3.1026039642440733
2020-09-28,2747,0.47287950491445213,3.1689115398616674
2020-10-05,2521,0.4466481554938517,3.127330424434748
2020-10-12,2688,0.4575892857142857,3.1529017857142856
2020-10-19,2911,0.40364136035726556,2.9391961525249055
2020-10-26,2815,0.39751332149200713,2.9154529307282417
2020-11-02,2686,0.39128816083395385,2.9136262099776618
2020-11-09,2696,0.4013353115727003,2.9543768545994067
2020-11-16,2865,0.4118673647469459,2.994764397905759
2020-11-23,2648,0.43768882175226587,3.068353474320242
2020-11-30,2833,0.4578185668902224,3.1111895517119663
2020-12-07,2917,0.4473774425779911,3.1038738429893726
2020-12-14,2807,0.4535090844317777,3.124332027075169
2020-12-21,2823,0.42968473255402057,3.0584484590860788
2020-12-28,3095,0.4455573505654281,3.113408723747981
2021-01-04,3011,0.44304217867818,3.0843573563600133
2021-01-11,2752,0.43786337209302323,3.112281976744186
2021-01-18,3074,0.4547820429407938,3.143786597267404
2021-01-25,2946,0.4256619144602851,3.0685675492192805
2021-02-01,3292,0.4471445929526124,3.106622114216282
2021-02-08,2857,0.4189709485474274,3.039201960098005
2021-02-15,2973,0.43491422805247226,3.0726538849646823
2021-02-22,3023,0.4214356599404565,3.0264637777042673
2021-03-01,2946,0.4151391717583164,3.01663272233537
2021-03-08,3072,0.4215494791666667,3.0159505208333335
2021-03-15,3353,0.3874142558902475,2.9203698180733673
2021-03-22,3705,0.40728744939271255,2.9762483130904185
2021-03-29,3093,0.4031684448755254,2.9802780472033623
2021-04-05,2744,0.3935860058309038,2.952259475218659
2021-04-12,2691,0.4087699739873653,3.020066889632107
2021-04-19,2553,0.3952213082647865,2.9682726204465335
2021-04-26,2914,0.4303363074811256,3.086822237474262
2021-05-03,2708,0.4298375184638109,3.0635155096011815
2021-05-10,2831,0.4242317202401978,2.9954079830448603
2021-05-17,2734,0.4213606437454279,3.022311631309437
2021-05-24,2619,0.42955326460481097,3.076365024818633
2021-05-31,2690,0.4256505576208178,3.017843866171004
2021-06-07,2719,0.4141228392791467,3.0132401618242
2021-06-14,2643,0.42943624668936814,3.0677260688611425
2021-06-21,2484,0.4243156199677939,3.0523349436392913
2021-06-28,2778,0.4298056155507559,3.058315334773218
2021-07-05,2838,0.44362226920366454,3.0870331219168428
2021-07-12,2812,0.4164295874822191,3.008534850640114
2021-07-19,3001,0.43618793735421524,3.0909696767744084
2021-07-26,2736,0.4331140350877193,3.070906432748538
2021-08-02,2690,0.40557620817843865,2.992936802973978
2021-08-09,2729,0.38219127885672405,2.908757786735068
2021-08-16,2736,0.39144736842105265,2.907529239766082
2021-08-23,2595,0.4077071290944123,2.9915221579961466
2021-08-30,2668,0.3894302848575712,2.9400299850074965
2021-09-06,2531,0.38798893717898064,2.9103121295930463
2021-09-13,2830,0.4045936395759717,2.947703180212014
2021-09-20,2407,0.3884503531366847,2.943498130452846
2021-09-27,2808,0.37749287749287747,2.882122507122507
2021-10-04,2593,0.38873891245661396,2.935210181257231
2021-10-11,2586,0.39791183294663574,2.9640371229698377
2021-10-18,2501,0.38984406237505,2.9296281487405036
2021-10-25,2653,0.40633245382585753,2.992461364493027
2021-11-01,2448,0.39215686274509803,2.94281045751634
2021-11-08,2496,0.39463141025641024,2.9507211538461537
2021-11-15,2795,0.3695885509838998,2.838282647584973
2021-11-22,2515,0.3984095427435388,2.935984095427435
2021-11-29,2563,0.3870464299648849,2.925087787748732
2021-12-06,2571,0.38117464021781405,2.9315441462465968
2021-12-13,2404,0.40640599001663896,2.9575707154742097
2021-12-20,2378,0.41169049621530696,2.9911690496215306
2021-12-27,2490,0.41526104417670684,3.0269076305220883
2022-01-03,2739,0.40963855421686746,3.0010952902519166
2022-01-10,2508,0.4134768740031898,2.967304625199362
2022-01-17,2617,0.4207107374856706,3.0286587695834926
2022-01-24,2655,0.41318267419962335,3.032015065913371
2022-01-31,2537,0.4280646432794639,3.0370516357903035
2022-02-07,2683,0.4629146477823332,3.13007827059262
2022-02-14,2504,0.43849840255591055,3.067891373801917
2022-02-21,2717,0.43503864556496136,3.0813397129186604
2022-02-28,2583,0.4250871080139373,3.075493612078978
2022-03-07,2713,0.44636933284187247,3.0899373387394027
2022-03-14,3762,0.4149388623072834,2.9250398724082936
2022-03-21,2961,0.4231678486997636,2.9983113812901045
2022-03-28,2994,0.41015364061456244,2.979291917167669
2022-04-04,2794,0.3933428775948461,2.9463135289906943
2022-04-11,2709,0.4330011074197121,3.052417866371355
2022-04-18,2625,0.4015238095238095,2.9931428571428573
2022-04-25,2832,0.4269067796610169,3.0395480225988702
2022-05-02,2652,0.4287330316742081,3.0599547511312215
2022-05-09,2486,0.4328238133547868,3.0655671761866454
2022-05-16,2523,0.40705509314308363,3.0245739199365835
2022-05-23,2777,0.40655383507382065,2.9942383867482896
2022-05-30,2527,0.4139295607439652,3.0249307479224377
2022-06-06,2548,0.4293563579277865,3.0474882260596545
2022-06-13,2494,0.4061748195669607,3.0212510024057737
2022-06-20,2384,0.4152684563758389,2.9932885906040267
2022-06-27,2416,0.40355960264900664,2.9991721854304636
2022-07-04,2588,0.4223338485316847,3.0401854714064913
2022-07-11,2637,0.4243458475540387,3.0640879787637467
2022-07-18,2877,0.3924226624956552,2.9641988182134167
2022-07-25,2704,0.3890532544378698,2.9304733727810652
2022-08-01,2643,0.3927355278093076,2.9568671963677637
2022-08-08,2594,0.37316885119506554,2.894371626831149
2022-08-15,2505,0.40199600798403196,2.992015968063872
2022-08-22,2699,0.39644312708410523,2.9388662467580584
2022-08-29,2656,0.41039156626506024,2.992093373493976
2022-09-05,2647,0.3966754816773706,2.953532300717794
2022-09-12,2483,0.38260169150221507,2.864277084172372
2022-09-19,2303,0.37038645245332175,2.858011289622232
2022-09-26,2358,0.3927056827820187,2.9279050042408823
2022-10-03,2307,0.40182054616384916,2.9583875162548763
2022-10-10,2272,0.37764084507042256,2.8882042253521125
2022-10-17,2377,0.38199411022297014,2.8843079511989904
2022-10-24,2392,0.39464882943143814,2.9297658862876252
2022-10-31,2444,0.4157119476268412,2.988134206219313
2022-11-07,2397,0.38881935753024616,2.9157279933249898
2022-11-14,2185,0.40503432494279173,2.9524027459954234
2022-11-21,2146,0.3765144454799627,2.895153774464119
2022-11-28,2584,0.41756965944272445,3.018188854489164
2022-12-05,2321,0.3735458853942266,2.81042654028436
2022-12-12,2162,0.3677150786308973,2.8654024051803884
2022-12-19,2085,0.4062350119904077,2.980335731414868
2022-12-26,2264,0.3953180212014134,2.9306537102473498
2023-01-02,3272,0.41014669926650366,2.9578239608801957
2023-01-09,2813,0.4081052257376466,2.9768929968005686
2023-01-16,2939,0.42837699897924464,3.044572984008166
2023-01-23,2340,0.3923076923076923,2.936324786324786
2023-01-30,2319,0.40146614920224233,2.9667960327727467
2023-02-06,2442,0.4099099099099099,2.98034398034398
2023-02-13,2407,0.39675945159950143,2.9210635646032403
2023-02-20,2296,0.42160278745644597,2.9978222996515678
2023-02-27,2222,0.41899189918991897,3.0175517551755178
2023-03-06,2247,0.3818424566088118,2.8940809968847354
2023-03-13,2609,0.4128018397853584,2.9973169796857033
2023-03-20,2507,0.38851216593538096,2.942161946549661
2023-03-27,2431,0.38749485808309336,2.9411764705882355
2023-04-03,2177,0.39917317409278824,2.975654570509876
2023-04-10,2310,0.383982683982684,2.898701298701299
2023-04-17,2369,0.4022794428028704,2.960320810468552
2023-04-24,2335,0.3665952890792291,2.7978586723768735
2023-05-01,2060,0.3703883495145631,2.8558252427184465
2023-05-08,1928,0.3682572614107884,2.8812240663900415
2023-05-15,1948,0.3470225872689938,2.794147843942505
2023-05-22,2094,0.3720152817574021,2.8772683858643746
2023-05-29,2115,0.39621749408983453,2.9286052009456265
2023-06-05,1980,0.3904040404040404,2.9282828282828284
2023-06-12,2079,0.3992303992303992,2.9398749398749398
2023-06-19,2071,0.39980685659101883,2.9150169000482857
2023-06-26,2300,0.39043478260869563,2.9565217391304346
2023-07-03,2251,0.4051532652154598,2.956019546868059
2023-07-10,2284,0.39098073555166374,2.9229422066549913
2023-07-17,2402,0.4063280599500416,2.975437135720233
2023-07-24,2263,0.39195757843570483,2.9315068493150687
2023-07-31,2251,0.38605064415815193,2.9182585517547754
2023-08-07,2276,0.37653778558875217,2.8651142355008785
2023-08-14,2206,0.3839528558476881,2.9397098821396193
2023-08-21,2270,0.4145374449339207,2.973568281938326
2023-08-28,2126,0.3852304797742239,2.880526810912512
2023-09-04,2246,0.3846838824577026,2.8820124666073017
2023-09-11,2283,0.395970214629873,2.900131406044678
2023-09-18,2267,0.3762681958535509,2.8857520952801057
2023-09-25,2357,0.3979635129401782,2.938481120067883
2023-10-02,2360,0.3923728813559322,2.8800847457627117
2023-10-09,2245,0.4173719376391982,2.98173719376392
2023-10-16,2367,0.41191381495564006,2.9809885931558937
2023-10-23,2230,0.4008968609865471,2.952017937219731
2023-10-30,2265,0.3991169977924945,2.9236203090507726
2023-11-06,2425,0.40494845360824744,2.975257731958763
2023-11-13,2289,0.4119702927042377,2.9960681520314547
2023-11-20,2300,0.4160869565217391,3.006086956521739
2023-11-27,2387,0.40343527440301635,2.9811478843736907
2023-12-04,2385,0.41844863731656184,2.99958071278826
2023-12-11,2425,0.4057731958762887,2.995463917525773
2023-12-18,2477,0.39523617278966494,2.973354864755753
2023-12-25,2590,0.41621621621621624,3.0154440154440154
2024-01-01,2703,0.42582315945246024,3.036256011838698
2024-01-08,2425,0.43463917525773194,3.0841237113402062
2024-01-15,2613,0.4048985840030616,2.984309223115193
2024-01-22,2568,0.40654205607476634,2.975467289719626
2024-01-29,2584,0.4326625386996904,3.0506965944272446
2024-02-05,2653,0.4104787033546928,2.9898228420655864
2024-02-12,2654,0.4065561416729465,2.964958553127355
2024-02-19,2596,0.39599383667180277,2.9117873651771955
2024-02-26,3282,0.3829981718464351,2.9018890920170626
2024-03-04,2950,0.4308474576271186,3.0461016949152544
2024-03-11,3251,0.4014149492463857,2.922485389111043
2024-03-18,3490,0.4020057306590258,2.929226361031519
2024-03-25,3027,0.4103072348860258,2.959696068714899
2024-04-01,2932,0.40586630286493863,2.9638472032742156
2024-04-08,3044,0.39487516425755587,2.921484888304862
2024-04-15,3076,0.4131989596879064,2.9518855656697007
2024-04-22,3354,0.4084675014907573,2.9546809779367917
2024-04-29,3184,0.4108040201005025,2.9868090452261304
2024-05-06,2892,0.4173582295988935,2.9789073305670817
2024-05-13,2883,0.404786680541103,2.9375650364203953
2024-05-20,2967,0.42264914054600605,2.9925851027974386
2024-05-27,2914,0.42210020590253944,3.0171585449553877
2024-06-03,3139,0.40968461293405545,2.9662312838483595
2024-06-10,3045,0.4042692939244663,2.914285714285714
2024-06-17,3163,0.39392981346822636,2.9143218463484035
2024-06-24,3092,0.41461836998706336,2.988033635187581
2024-07-01,2982,0.40710932260228033,2.9419852448021464
2024-07-08,2880,0.41631944444444446,2.963888888888889
2024-07-15,3050,0.3832786885245902,2.860327868852459
2024-07-22,2948,0.378561736770692,2.853799185888738
2024-07-29,3228,0.34386617100371747,2.7252168525402727
2024-08-05,3087,0.43602202785876254,3.0346614836410755
2024-08-12,3144,0.40076335877862596,2.9309796437659035
2024-08-19,2984,0.3770107238605898,2.859249329758713
2024-08-26,3098,0.40187217559715943,2.920916720464816
2024-09-02,2934,0.38684389911383776,2.8752556237218814
2024-09-09,2974,0.38702084734364495,2.870544720914593
2024-09-16,3286,0.39409616555082166,2.915702982349361
2024-09-23,3557,0.4321057070565083,3.0430137756536406
2024-09-30,3250,0.3926153846153846,2.9252307692307693
2024-10-07,3329,0.38269750675878644,2.9101832382096724
2024-10-14,3741,0.45228548516439454,3.120556001069233
2024-10-21,4510,0.39977827050997783,2.9
2024-10-28,5485,0.44339106654512306,3.0395624430264356
2024-11-04,6015,0.4362427265170407,2.9958437240232754
2024-11-11,6594,0.4723991507430998,3.1006976038823173
2024-11-18,6617,0.4414387184524709,2.9950128457004683
2024-11-25,6172,0.474400518470512,3.104342190537913
2024-12-02,7189,0.46571150368618724,3.071219919321185
2024-12-09,6763,0.44225935235842084,2.997634186012125
2024-12-16,6389,0.46689622789168883,3.0870245734856785
2024-12-23,6049,0.4734666887088775,3.094561084476773
2024-12-30,6560,0.481859756097561,3.1278963414634147
2025-01-06,6384,0.48120300751879697,3.119360902255639
2025-01-13,6976,0.46961009174311924,3.0847190366972477
2025-01-20,7200,0.4934722222222222,3.175
2025-01-27,7984,0.5103957915831663,3.224198396793587
2025-02-03,8346,0.5294751976994968,3.2730649412892405
2025-02-10,9239,0.5236497456434679,3.2658296352419094
2025-02-17,9392,0.5325809199318569,3.285136286201022
2025-02-24,11940,0.5080402010050251,3.2306532663316583
2025-03-03,10983,0.5269052171537831,3.287808431211873
2025-03-10,11159,0.551841562864056,3.3615915404606147
2025-03-17,11541,0.5431938306905814,3.325015163330734
2025-03-24,11812,0.5535895699288859,3.345072807314595
2025-03-31,11410,0.5577563540753725,3.382559158632778
2025-04-07,11677,0.5700950586623277,3.416288430247495
2025-04-14,6625,0.5891320754716981,3.4747169811320755
2025-04-21,150,0.6133333333333333,3.513333333333333
