period_start,review_count,low_score_ratio,average_rating
2010-04-19,6,0.8333333333333334,1.5
2010-04-26,15,0.26666666666666666,2.6666666666666665
2010-05-03,11,0.2727272727272727,2.6363636363636362
2010-05-10,26,0.38461538461538464,2.423076923076923
2010-05-17,17,0.35294117647058826,2.3529411764705883
2010-05-24,18,0.5555555555555556,2.1666666666666665
2010-05-31,7,0.14285714285714285,2.7142857142857144
2010-06-07,25,0.4,2.36
2010-06-14,9,0.6666666666666666,2.0
2010-06-21,15,0.4666666666666667,2.2
2010-06-28,14,0.6428571428571429,1.9285714285714286
2010-07-05,17,0.47058823529411764,2.176470588235294
2010-07-12,18,0.3888888888888889,2.388888888888889
2010-07-19,22,0.18181818181818182,2.6818181818181817
2010-07-26,25,0.56,1.96
2010-08-02,34,0.6764705882352942,1.7647058823529411
2010-08-09,21,0.5238095238095238,2.0952380952380953
2010-08-16,27,0.5185185185185185,2.2222222222222223
2010-08-23,17,0.5294117647058824,2.0588235294117645
2010-08-30,25,0.48,2.2
2010-09-06,27,0.5555555555555556,2.074074074074074
2010-09-13,14,0.42857142857142855,2.142857142857143
2010-09-20,17,0.7058823529411765,1.9411764705882353
2010-09-27,38,0.6052631578947368,1.9473684210526316
2010-10-04,11,0.5454545454545454,2.1818181818181817
2010-10-11,14,0.7142857142857143,2.0
2010-10-18,16,0.5625,2.1875
2010-10-25,8,0.625,1.875
2010-11-01,16,0.4375,2.375
2010-11-08,8,0.5,2.125
2010-11-15,13,0.38461538461538464,2.5384615384615383
2010-11-22,11,0.8181818181818182,1.6363636363636365
2010-11-29,22,0.4090909090909091,2.272727272727273
2010-12-06,20,0.65,1.9
2010-12-13,21,0.6190476190476191,1.9523809523809523
2010-12-20,12,0.9166666666666666,1.3333333333333333
2010-12-27,26,0.38461538461538464,2.5
2011-01-03,19,0.5789473684210527,1.9473684210526316
2011-01-10,27,0.6296296296296297,1.8148148148148149
2011-01-17,26,0.5,2.1538461538461537
2011-01-24,18,0.5,2.2222222222222223
2011-01-31,34,0.7352941176470589,1.6176470588235294
2011-02-07,21,0.7619047619047619,1.8571428571428572
2011-02-14,16,0.5625,2.125
2011-02-21,26,0.5,2.1538461538461537
2011-02-28,20,0.4,2.3
2011-03-07,14,0.7142857142857143,1.7857142857142858
2011-03-14,14,0.5714285714285714,2.0
2011-03-21,8,0.75,1.625
2011-03-28,14,0.9285714285714286,1.4285714285714286
2011-04-04,23,0.782608695652174,1.565217391304348
2011-04-11,23,0.5217391304347826,2.1739130434782608
2011-04-18,11,0.7272727272727273,1.7272727272727273
2011-04-25,18,0.5,2.2222222222222223
2011-05-02,11,0.9090909090909091,1.7272727272727273
2011-05-09,16,0.75,1.8125
2011-05-16,11,0.6363636363636364,2.0
2011-05-23,10,0.3,2.4
2011-05-30,6,1.0,1.3333333333333333
2011-06-06,16,0.625,1.9375
2011-06-13,15,0.7333333333333333,1.8
2011-06-20,15,0.6,2.0
2011-06-27,19,0.5263157894736842,2.210526315789474
2011-07-04,13,0.7692307692307693,1.8461538461538463
2011-07-11,8,0.75,1.875
2011-07-18,16,0.6875,1.875
2011-07-25,9,0.5555555555555556,2.0
2011-08-01,10,0.7,1.8
2011-08-08,13,0.6153846153846154,1.8461538461538463
2011-08-15,16,0.875,1.6875
2011-08-22,22,0.5909090909090909,2.1363636363636362
2011-08-29,10,0.3,2.5
2011-09-05,8,0.75,1.875
2011-09-12,14,0.7142857142857143,1.7142857142857142
2011-09-19,17,0.5294117647058824,2.176470588235294
2011-09-26,18,0.6111111111111112,2.3333333333333335
2011-10-03,10,0.9,1.5
2011-10-10,8,0.5,2.25
2011-10-17,13,0.5384615384615384,2.1538461538461537
2011-10-24,8,0.5,2.375
2011-10-31,9,0.6666666666666666,1.8888888888888888
2011-11-07,3,0.6666666666666666,2.0
2011-11-14,7,0.7142857142857143,1.8571428571428572
2011-11-21,8,0.75,1.875
2011-11-28,8,1.0,1.375
2011-12-05,14,0.7857142857142857,1.5
2011-12-12,17,0.47058823529411764,2.176470588235294
2011-12-19,15,0.7333333333333333,1.6
2011-12-26,9,0.6666666666666666,1.7777777777777777
2012-01-02,8,0.625,1.875
2012-01-09,12,0.5833333333333334,2.0833333333333335
2012-01-16,6,1.0,1.6666666666666667
2012-01-23,20,0.75,1.55
2012-01-30,18,0.8333333333333334,1.5
2012-02-06,16,0.75,1.6875
2012-02-13,19,0.8421052631578947,1.4210526315789473
2012-02-20,19,0.5789473684210527,2.0526315789473686
2012-02-27,22,0.8636363636363636,1.4545454545454546
2012-03-05,29,0.5517241379310345,2.206896551724138
2012-03-12,230,0.7434782608695653,1.8521739130434782
2012-03-19,57,0.8070175438596491,1.7017543859649122
2012-03-26,23,0.7391304347826086,1.9130434782608696
2012-04-02,25,0.68,1.92
2012-04-09,17,0.7647058823529411,1.7647058823529411
2012-04-16,15,0.6666666666666666,2.0
2012-04-23,14,0.7142857142857143,1.9285714285714286
2012-04-30,12,0.5833333333333334,2.1666666666666665
2012-05-07,33,0.7575757575757576,1.696969696969697
2012-05-14,24,0.6666666666666666,1.9166666666666667
2012-05-21,23,0.5217391304347826,2.260869565217391
2012-05-28,15,0.6,1.9333333333333333
2012-06-04,20,0.6,2.1
2012-06-11,22,0.7272727272727273,1.7272727272727273
2012-06-18,31,0.3548387096774194,2.5161290322580645
2012-06-25,33,0.5757575757575758,2.1818181818181817
2012-07-02,46,0.6521739130434783,2.0
2012-07-09,26,0.6153846153846154,2.1538461538461537
2012-07-16,9,0.8888888888888888,1.5555555555555556
2012-07-23,43,0.6046511627906976,2.116279069767442
2012-07-30,33,0.5151515151515151,2.121212121212121
2012-08-06,27,0.5185185185185185,2.111111111111111
2012-08-13,25,0.4,2.36
2012-08-20,22,0.5454545454545454,2.090909090909091
2012-08-27,17,0.7647058823529411,1.7647058823529411
2012-09-03,34,0.7352941176470589,1.8529411764705883
2012-09-10,28,0.75,1.8571428571428572
2012-09-17,24,0.5416666666666666,2.0416666666666665
2012-09-24,17,0.5294117647058824,2.1176470588235294
2012-10-01,28,0.5,2.25
2012-10-08,29,0.4827586206896552,2.206896551724138
2012-10-15,28,0.6785714285714286,1.8571428571428572
2012-10-22,31,0.7419354838709677,1.8064516129032258
2012-10-29,30,0.6,2.0
2012-11-05,16,0.375,2.375
2012-11-12,23,0.5652173913043478,2.0434782608695654
2012-11-19,29,0.8275862068965517,1.5862068965517242
2012-11-26,24,0.5416666666666666,2.1666666666666665
2012-12-03,20,0.75,1.85
2012-12-10,24,0.8333333333333334,1.5416666666666667
2012-12-17,21,0.5238095238095238,2.2857142857142856
2012-12-24,17,0.6470588235294118,2.0588235294117645
2012-12-31,26,0.5384615384615384,2.076923076923077
2013-01-07,17,0.47058823529411764,2.4705882352941178
2013-01-14,21,0.5238095238095238,2.0952380952380953
2013-01-21,19,0.7894736842105263,1.8421052631578947
2013-01-28,20,0.7,1.7
2013-02-04,18,0.6111111111111112,1.8888888888888888
2013-02-11,33,0.7575757575757576,1.7575757575757576
2013-02-18,12,0.5833333333333334,1.9166666666666667
2013-02-25,17,0.5882352941176471,1.9411764705882353
2013-03-04,17,0.7058823529411765,1.8235294117647058
2013-03-11,15,0.5333333333333333,2.1333333333333333
2013-03-18,542,0.5350553505535055,2.5313653136531364
2013-03-25,240,0.25416666666666665,3.6458333333333335
2013-04-01,50,0.28,3.58
2013-04-08,54,0.46296296296296297,2.7962962962962963
2013-04-15,35,0.8,1.6285714285714286
2013-04-22,18,0.6111111111111112,2.111111111111111
2013-04-29,11,0.6363636363636364,2.1818181818181817
2013-05-06,12,0.6666666666666666,2.0
2013-05-13,28,0.42857142857142855,2.357142857142857
2013-05-20,27,0.7037037037037037,1.8888888888888888
2013-05-27,18,0.5555555555555556,2.0555555555555554
2013-06-03,21,0.7142857142857143,1.9047619047619047
2013-06-10,14,0.5,2.0714285714285716
2013-06-17,23,0.7391304347826086,1.608695652173913
2013-06-24,20,0.55,2.15
2013-07-01,26,0.7307692307692307,1.8076923076923077
2013-07-08,26,0.7307692307692307,1.6538461538461537
2013-07-15,23,0.6086956521739131,1.9130434782608696
2013-07-22,27,0.7037037037037037,1.7777777777777777
2013-07-29,15,0.6666666666666666,2.0
2013-08-05,20,0.4,2.3
2013-08-12,19,0.8947368421052632,1.5263157894736843
2013-08-19,9,0.5555555555555556,2.0
2013-08-26,32,0.65625,1.96875
2013-09-02,35,0.6,1.9428571428571428
2013-09-09,22,0.5454545454545454,2.1363636363636362
2013-09-16,22,0.6818181818181818,2.0
2013-09-23,12,0.75,1.75
2013-09-30,16,0.5,2.1875
2013-10-07,20,0.65,2.0
2013-10-14,23,0.5652173913043478,1.9130434782608696
2013-10-21,19,0.631578947368421,1.8421052631578947
2013-10-28,54,0.3333333333333333,2.7962962962962963
2013-11-04,30,0.4,2.566666666666667
2013-11-11,51,0.35294117647058826,2.764705882352941
2013-11-18,37,0.3783783783783784,2.810810810810811
2013-11-25,30,0.43333333333333335,2.6333333333333333
2013-12-02,47,0.44680851063829785,2.595744680851064
2013-12-09,34,0.38235294117647056,2.764705882352941
2013-12-16,55,0.38181818181818183,2.6
2013-12-23,55,0.2727272727272727,3.018181818181818
2013-12-30,48,0.5,2.5833333333333335
2014-01-06,57,0.5087719298245614,2.4210526315789473
2014-01-13,58,0.39655172413793105,2.8275862068965516
2014-01-20,63,0.4444444444444444,2.5873015873015874
2014-01-27,58,0.3793103448275862,2.6724137931034484
2014-02-03,50,0.34,2.9
2014-02-10,46,0.30434782608695654,3.0869565217391304
2014-02-17,49,0.5918367346938775,2.306122448979592
2014-02-24,44,0.45454545454545453,2.6136363636363638
2014-03-03,42,0.5,2.4523809523809526
2014-03-10,71,0.3380281690140845,3.084507042253521
2014-03-17,705,0.4765957446808511,2.90354609929078
2014-03-24,392,0.41836734693877553,3.0127551020408165
2014-03-31,117,0.4017094017094017,2.9145299145299144
2014-04-07,104,0.47115384615384615,2.826923076923077
2014-04-14,63,0.47619047619047616,2.5238095238095237
2014-04-21,79,0.620253164556962,2.0253164556962027
2014-04-28,69,0.5217391304347826,2.391304347826087
2014-05-05,61,0.6065573770491803,2.098360655737705
2014-05-12,80,0.6,2.125
2014-05-19,61,0.5901639344262295,2.098360655737705
2014-05-26,94,0.5851063829787234,2.234042553191489
2014-06-02,103,0.6504854368932039,1.9514563106796117
2014-06-09,87,0.6206896551724138,2.057471264367816
2014-06-16,123,0.7235772357723578,1.9268292682926829
2014-06-23,93,0.6989247311827957,1.8172043010752688
2014-06-30,88,0.5454545454545454,2.375
2014-07-07,111,0.6756756756756757,1.936936936936937
2014-07-14,128,0.5,2.375
2014-07-21,116,0.6896551724137931,1.9224137931034482
2014-07-28,129,0.6356589147286822,2.0310077519379846
2014-08-04,105,0.6476190476190476,2.0285714285714285
2014-08-11,131,0.6106870229007634,2.1755725190839694
2014-08-18,148,0.6216216216216216,2.1216216216216215
2014-08-25,154,0.6493506493506493,2.0259740259740258
2014-09-01,162,0.6790123456790124,1.9876543209876543
2014-09-08,144,0.7013888888888888,1.8402777777777777
2014-09-15,115,0.48695652173913045,2.4347826086956523
2014-09-22,89,0.34831460674157305,2.831460674157303
2014-09-29,71,0.4225352112676056,2.6901408450704225
2014-10-06,77,0.5064935064935064,2.5064935064935066
2014-10-13,62,0.45161290322580644,2.596774193548387
2014-10-20,55,0.4727272727272727,2.618181818181818
2014-10-27,92,0.391304347826087,2.7065217391304346
2014-11-03,89,0.4044943820224719,2.6741573033707864
2014-11-10,84,0.39285714285714285,2.5714285714285716
2014-11-17,69,0.5072463768115942,2.449275362318841
2014-11-24,91,0.4175824175824176,2.659340659340659
2014-12-01,84,0.42857142857142855,2.619047619047619
2014-12-08,65,0.4461538461538462,2.753846153846154
2014-12-15,78,0.44871794871794873,2.7051282051282053
2014-12-22,172,0.38372093023255816,2.866279069767442
2014-12-29,153,0.35947712418300654,2.823529411764706
2015-01-05,111,0.4954954954954955,2.4054054054054053
2015-01-12,97,0.44329896907216493,2.536082474226804
2015-01-19,67,0.582089552238806,2.4925373134328357
2015-01-26,100,0.48,2.49
2015-02-02,90,0.5,2.5444444444444443
2015-02-09,91,0.4175824175824176,2.5934065934065935
2015-02-16,90,0.43333333333333335,2.577777777777778
2015-02-23,71,0.4647887323943662,2.492957746478873
2015-03-02,102,0.43137254901960786,2.7058823529411766
2015-03-09,139,0.5683453237410072,2.3741007194244603
2015-03-16,644,0.5714285714285714,2.532608695652174
2015-03-23,292,0.4143835616438356,3.047945205479452
2015-03-30,123,0.44715447154471544,2.707317073170732
2015-04-06,100,0.5,2.61
2015-04-13,64,0.53125,2.515625
2015-04-20,69,0.5362318840579711,2.3768115942028984
2015-04-27,92,0.45652173913043476,2.6630434782608696
2015-05-04,73,0.3698630136986301,2.8493150684931505
2015-05-11,83,0.3614457831325301,3.0
2015-05-18,99,0.2727272727272727,3.3535353535353534
2015-05-25,87,0.41379310344827586,2.9655172413793105
2015-06-01,69,0.4782608695652174,2.753623188405797
2015-06-08,81,0.5061728395061729,2.567901234567901
2015-06-15,65,0.36923076923076925,2.753846153846154
2015-06-22,72,0.4444444444444444,2.625
2015-06-29,73,0.5753424657534246,2.3972602739726026
2015-07-06,76,0.5,2.473684210526316
2015-07-13,68,0.3382352941176471,2.8088235294117645
2015-07-20,79,0.45569620253164556,2.5443037974683542
2015-07-27,84,0.5714285714285714,2.4404761904761907
2015-08-03,75,0.4266666666666667,2.6666666666666665
2015-08-10,79,0.4936708860759494,2.5443037974683542
2015-08-17,73,0.5342465753424658,2.506849315068493
2015-08-24,65,0.6153846153846154,2.4153846153846152
2015-08-31,63,0.5238095238095238,2.5555555555555554
2015-09-07,71,0.5492957746478874,2.563380281690141
2015-09-14,78,0.44871794871794873,2.6666666666666665
2015-09-21,96,0.5416666666666666,2.5208333333333335
2015-09-28,106,0.49056603773584906,2.6320754716981134
2015-10-05,94,0.5957446808510638,2.4148936170212765
2015-10-12,92,0.4782608695652174,2.619565217391304
2015-10-19,119,0.5462184873949579,2.495798319327731
2015-10-26,118,0.559322033898305,2.5338983050847457
2015-11-02,96,0.5416666666666666,2.5104166666666665
2015-11-09,85,0.5294117647058824,2.4941176470588236
2015-11-16,89,0.42696629213483145,2.640449438202247
2015-11-23,108,0.5,2.740740740740741
2015-11-30,128,0.515625,2.6640625
2015-12-07,120,0.4666666666666667,2.658333333333333
2015-12-14,97,0.5360824742268041,2.597938144329897
2015-12-21,92,0.532608695652174,2.717391304347826
2015-12-28,126,0.46825396825396826,2.7063492063492065
2016-01-04,137,0.45255474452554745,2.7664233576642334
2016-01-11,90,0.4666666666666667,2.688888888888889
2016-01-18,107,0.32710280373831774,2.878504672897196
2016-01-25,99,0.46464646464646464,2.5454545454545454
2016-02-01,77,0.36363636363636365,2.779220779220779
2016-02-08,95,0.4421052631578947,2.6315789473684212
2016-02-15,116,0.3620689655172414,2.8706896551724137
2016-02-22,109,0.44036697247706424,2.7522935779816513
2016-02-29,119,0.42016806722689076,2.680672268907563
2016-03-07,120,0.3416666666666667,3.025
2016-03-14,510,0.33137254901960783,3.3666666666666667
2016-03-21,218,0.41743119266055045,2.8256880733944953
2016-03-28,157,0.3503184713375796,2.9745222929936306
2016-04-04,139,0.4316546762589928,2.7985611510791366
2016-04-11,130,0.3384615384615385,2.9076923076923076
2016-04-18,92,0.3695652173913043,2.847826086956522
2016-04-25,111,0.3963963963963964,2.8018018018018016
2016-05-02,104,0.5480769230769231,2.6346153846153846
2016-05-09,92,0.532608695652174,2.597826086956522
2016-05-16,92,0.40217391304347827,2.7934782608695654
2016-05-23,92,0.4782608695652174,2.5543478260869565
2016-05-30,79,0.31645569620253167,2.8987341772151898
2016-06-06,112,0.3392857142857143,2.8392857142857144
2016-06-13,114,0.4298245614035088,2.7017543859649122
2016-06-20,91,0.34065934065934067,2.912087912087912
2016-06-27,94,0.40425531914893614,2.797872340425532
2016-07-04,114,0.43859649122807015,2.692982456140351
2016-07-11,102,0.43137254901960786,2.7450980392156863
2016-07-18,97,0.3711340206185567,2.88659793814433
2016-07-25,84,0.2619047619047619,2.988095238095238
2016-08-01,98,0.47959183673469385,2.6530612244897958
2016-08-08,152,0.4473684210526316,2.638157894736842
2016-08-15,178,0.43820224719101125,2.5786516853932584
2016-08-22,141,0.375886524822695,2.7872340425531914
2016-08-29,116,0.3706896551724138,2.6724137931034484
2016-09-05,99,0.42424242424242425,2.6161616161616164
2016-09-12,134,0.4626865671641791,2.6194029850746268
2016-09-19,138,0.4782608695652174,2.5942028985507246
2016-09-26,114,0.30701754385964913,2.9035087719298245
2016-10-03,112,0.3482142857142857,2.9017857142857144
2016-10-10,91,0.3516483516483517,2.901098901098901
2016-10-17,94,0.3404255319148936,2.8191489361702127
2016-10-24,101,0.43564356435643564,2.6633663366336635
2016-10-31,111,0.36036036036036034,2.8378378378378377
2016-11-07,115,0.4608695652173913,2.591304347826087
2016-11-14,137,0.44525547445255476,2.6204379562043796
2016-11-21,122,0.38524590163934425,2.8524590163934427
2016-11-28,112,0.3482142857142857,2.9107142857142856
2016-12-05,149,0.35570469798657717,2.953020134228188
2016-12-12,150,0.30666666666666664,3.08
2016-12-19,184,0.24456521739130435,3.255434782608696
2016-12-26,264,0.30303030303030304,3.0757575757575757
2017-01-02,165,0.3090909090909091,3.103030303030303
2017-01-09,145,0.4068965517241379,2.972413793103448
2017-01-16,132,0.29545454545454547,2.962121212121212
2017-01-23,128,0.40625,2.8046875
2017-01-30,127,0.3937007874015748,2.8661417322834644
2017-02-06,334,0.5748502994011976,2.2395209580838324
2017-02-13,221,0.5113122171945701,2.4615384615384617
2017-02-20,195,0.38461538461538464,2.825641025641026
2017-02-27,171,0.3333333333333333,2.953216374269006
2017-03-06,168,0.3630952380952381,2.9761904761904763
2017-03-13,396,0.45454545454545453,2.8813131313131315
2017-03-20,183,0.40437158469945356,2.939890710382514
2017-03-27,192,0.328125,3.1979166666666665
2017-04-03,216,0.25462962962962965,3.425925925925926
2017-04-10,135,0.34814814814814815,2.9703703703703703
2017-04-17,238,0.4831932773109244,2.642857142857143
2017-04-24,148,0.30405405405405406,3.1554054054054053
2017-05-01,159,0.37735849056603776,2.993710691823899
2017-05-08,408,0.4583333333333333,2.7083333333333335
2017-05-15,270,0.43703703703703706,2.814814814814815
2017-05-22,224,0.3482142857142857,2.9375
2017-05-29,183,0.34972677595628415,2.9672131147540983
2017-06-05,174,0.39655172413793105,2.9482758620689653
2017-06-12,161,0.37888198757763975,2.8819875776397517
2017-06-19,166,0.3795180722891566,2.9036144578313254
2017-06-26,204,0.25,3.4558823529411766
2017-07-03,272,0.18382352941176472,3.636029411764706
2017-07-10,176,0.32386363636363635,3.090909090909091
2017-07-17,142,0.3591549295774648,2.964788732394366
2017-07-24,180,0.36666666666666664,2.988888888888889
2017-07-31,169,0.27218934911242604,3.331360946745562
2017-08-07,204,0.27941176470588236,3.3137254901960786
2017-08-14,218,0.26146788990825687,3.206422018348624
2017-08-21,156,0.2692307692307692,3.217948717948718
2017-08-28,138,0.3115942028985507,3.0869565217391304
2017-09-04,153,0.35294117647058826,3.1176470588235294
2017-09-11,152,0.3881578947368421,3.0328947368421053
2017-09-18,176,0.375,2.9545454545454546
2017-09-25,194,0.4742268041237113,2.8092783505154637
2017-10-02,160,0.38125,2.9
2017-10-09,158,0.310126582278481,3.0316455696202533
2017-10-16,144,0.4166666666666667,2.9097222222222223
2017-10-23,193,0.45077720207253885,2.7979274611398965
2017-10-30,126,0.40476190476190477,2.8492063492063493
2017-11-06,331,0.2628398791540785,3.0574018126888216
2017-11-13,237,0.35443037974683544,2.9156118143459917
2017-11-20,215,0.3627906976744186,2.9674418604651165
2017-11-27,187,0.3582887700534759,2.9197860962566846
2017-12-04,229,0.3406113537117904,3.1004366812227073
2017-12-11,226,0.37610619469026546,2.995575221238938
2017-12-18,202,0.43564356435643564,2.9455445544554455
2017-12-25,252,0.376984126984127,3.0515873015873014
2018-01-01,205,0.44390243902439025,2.765853658536585
2018-01-08,199,0.3969849246231156,2.8542713567839195
2018-01-15,191,0.39790575916230364,2.7905759162303663
2018-01-22,152,0.47368421052631576,2.7302631578947367
2018-01-29,183,0.40437158469945356,2.8469945355191255
2018-02-05,159,0.44654088050314467,2.779874213836478
2018-02-12,169,0.46745562130177515,2.7633136094674557
2018-02-19,205,0.3902439024390244,2.8780487804878048
2018-02-26,211,0.3933649289099526,2.947867298578199
2018-03-05,196,0.3877551020408163,2.892857142857143
2018-03-12,499,0.49298597194388777,2.755511022044088
2018-03-19,239,0.4476987447698745,2.7322175732217575
2018-03-26,234,0.4017094017094017,2.8675213675213675
2018-04-02,267,0.3895131086142322,2.816479400749064
2018-04-09,229,0.39737991266375544,2.8296943231441047
2018-04-16,206,0.3058252427184466,2.936893203883495
2018-04-23,202,0.3811881188118812,2.900990099009901
2018-04-30,212,0.35377358490566035,2.9056603773584904
2018-05-07,207,0.38164251207729466,2.898550724637681
2018-05-14,214,0.40186915887850466,2.850467289719626
2018-05-21,159,0.33962264150943394,2.9056603773584904
2018-05-28,185,0.372972972972973,2.9567567567567568
2018-06-04,187,0.3850267379679144,2.8609625668449197
2018-06-11,184,0.41304347826086957,2.880434782608696
2018-06-18,188,0.5106382978723404,2.632978723404255
2018-06-25,181,0.35359116022099446,2.9613259668508287
2018-07-02,177,0.4180790960451977,2.853107344632768
2018-07-09,171,0.36257309941520466,2.865497076023392
2018-07-16,186,0.3817204301075269,2.9193548387096775
2018-07-23,215,0.4,2.8465116279069766
2018-07-30,216,0.36574074074074076,2.837962962962963
2018-08-06,217,0.37327188940092165,2.880184331797235
2018-08-13,234,0.41025641025641024,2.7905982905982905
2018-08-20,208,0.33653846153846156,2.9615384615384617
2018-08-27,233,0.34763948497854075,2.9012875536480687
2018-09-03,255,0.4,2.8117647058823527
2018-09-10,912,0.2807017543859649,3.338815789473684
2018-09-17,1354,0.36336779911373707,3.090103397341211
2018-09-24,1611,0.31036623215394166,3.3060211049037864
2018-10-01,1564,0.30434782608695654,3.2653452685421995
2018-10-08,1493,0.29470864032150035,3.2645679839249833
2018-10-15,1363,0.30300807043286865,3.297872340425532
2018-10-22,1800,0.24555555555555555,3.477222222222222
2018-10-29,1493,0.2679169457468185,3.3878097789685198
2018-11-05,1648,0.23907766990291263,3.4981796116504853
2018-11-12,1528,0.26570680628272253,3.4103403141361257
2018-11-19,1411,0.2870304748405386,3.3345145287030475
2018-11-26,1473,0.2803801765105227,3.3754243041412084
2018-12-03,1421,0.2765657987332864,3.3821252638986627
2018-12-10,1399,0.32308791994281627,3.2208720514653324
2018-12-17,1593,0.2893910860012555,3.3691148775894537
2018-12-24,1514,0.3203434610303831,3.2562747688243063
2018-12-31,1683,0.3036244800950683,3.3291740938799763
2019-01-07,1471,0.3235893949694086,3.272603670972128
2019-01-14,1490,0.34496644295302015,3.2228187919463087
2019-01-21,1537,0.3428757319453481,3.1925829538061157
2019-01-28,1571,0.30362826225334183,3.2864417568427755
2019-02-04,1800,0.2972222222222222,3.311111111111111
2019-02-11,1679,0.31685527099463967,3.268612269207862
2019-02-18,1789,0.28954723309111235,3.3365008384572388
2019-02-25,1584,0.31186868686868685,3.2948232323232323
2019-03-04,1625,0.3169230769230769,3.260307692307692
2019-03-11,1637,0.30604764813683566,3.321319486866219
2019-03-18,2072,0.34797297297297297,3.2287644787644787
2019-03-25,1991,0.3119035660472125,3.3043696634856854
2019-04-01,1712,0.3247663551401869,3.2330607476635516
2019-04-08,1919,0.32985930171964567,3.212089630015633
2019-04-15,1678,0.3361144219308701,3.1799761620977356
2019-04-22,1709,0.3534230544177882,3.1860737273259216
2019-04-29,1720,0.3622093023255814,3.11453488372093
2019-05-06,1711,0.3553477498538866,3.156633547632963
2019-05-13,1763,0.31253545093590474,3.2824730572887124
2019-05-20,1721,0.3358512492736781,3.21266705403835
2019-05-27,1925,0.347012987012987,3.1911688311688313
2019-06-03,1812,0.3526490066225166,3.174944812362031
2019-06-10,1824,0.37280701754385964,3.084978070175439
2019-06-17,1739,0.36745255894192064,3.105232892466935
2019-06-24,1805,0.3523545706371191,3.162880886426593
2019-07-01,1764,0.340702947845805,3.1723356009070294
2019-07-08,1816,0.39537444933920707,3.0627753303964758
2019-07-15,1881,0.32216905901116427,3.3094098883572567
2019-07-22,2304,0.2686631944444444,3.50390625
2019-07-29,2317,0.3025463962019853,3.353042727665084
2019-08-05,2241,0.3654618473895582,3.099955377063811
2019-08-12,2316,0.3864421416234888,3.04706390328152
2019-08-19,2155,0.38793503480278424,3.014849187935035
2019-08-26,2003,0.362955566650025,3.128307538691962
2019-09-02,1933,0.36833936885669943,3.106570098292809
2019-09-09,1783,0.36735838474481214,3.1155356141334827
2019-09-16,1991,0.3751883475640382,3.0562531391260674
2019-09-23,3725,0.3473825503355705,3.1812080536912752
2019-09-30,2555,0.3518590998043053,3.1436399217221136
2019-10-07,2077,0.37168993740972556,3.0847376023110256
2019-10-14,2049,0.36749633967789164,3.079551000488043
2019-10-21,2092,0.35181644359464626,3.133843212237094
2019-10-28,1768,0.37104072398190047,3.081447963800905
2019-11-04,1797,0.3550361713967724,3.1580411797440178
2019-11-11,1841,0.34709397066811515,3.173818576860402
2019-11-18,1964,0.3630346232179226,3.1176171079429733
2019-11-25,1862,0.3694951664876477,3.1219119226638026
2019-12-02,2161,0.3734382230448866,3.106894956038871
2019-12-09,2110,0.3687203791469194,3.095260663507109
2019-12-16,1994,0.37161484453360083,3.0867602808425274
2019-12-23,2025,0.3476543209876543,3.198024691358025
2019-12-30,2254,0.373114463176575,3.106477373558119
2020-01-06,2656,0.2880271084337349,3.4615963855421685
2020-01-13,2742,0.3136396790663749,3.340262582056893
2020-01-20,2256,0.3541666666666667,3.1648936170212765
2020-01-27,2069,0.36346060898985016,3.138231029482842
2020-02-03,2089,0.36093824796553375,3.1278123504068933
2020-02-10,2039,0.3526238352133399,3.1515448749386956
2020-02-17,2016,0.35813492063492064,3.1319444444444446
2020-02-24,2120,0.37264150943396224,3.086320754716981
2020-03-02,2091,0.32950741272118605,3.2113821138211383
2020-03-09,2208,0.3401268115942029,3.213768115942029
2020-03-16,2480,0.35201612903225804,3.175806451612903
2020-03-23,3538,0.3756359525155455,3.091294516676088
2020-03-30,3771,0.33731105807478123,3.2325643065499867
2020-04-06,3945,0.34752851711026617,3.1746514575411915
2020-04-13,3983,0.35124278182274665,3.181019332161687
2020-04-20,3996,0.37712712712712715,3.088088088088088
2020-04-27,3657,0.37626469783975935,3.062346185397867
2020-05-04,3262,0.38810545677498465,3.0358675659104843
2020-05-11,3408,0.38116197183098594,3.0639671361502345
2020-05-18,3242,0.40653917334978407,2.997840838988279
2020-05-25,3201,0.3767572633552015,3.0662293033427055
2020-06-01,3155,0.33977812995245643,3.2003169572107764
2020-06-08,2850,0.35719298245614034,3.127719298245614
2020-06-15,2645,0.38071833648393194,3.047258979206049
2020-06-22,2642,0.38758516275548827,3.05223315669947
2020-06-29,2929,0.4107203823830659,2.937521338340731
2020-07-06,3010,0.3770764119601329,3.046511627906977
2020-07-13,2716,0.35014727540500734,3.11340206185567
2020-07-20,3060,0.3254901960784314,3.2490196078431373
2020-07-27,3009,0.3622465935526753,3.1159853772017283
2020-08-03,2808,0.34971509971509973,3.1663105413105415
2020-08-10,3148,0.3414866581956798,3.1778907242693775
2020-08-17,2791,0.3453959154424937,3.1827302042278753
2020-08-24,2849,0.32994032994032996,3.2302562302562303
2020-08-31,2717,0.3356643356643357,3.1917556128082443
2020-09-07,2706,0.3392461197339246,3.2195121951219514
2020-09-14,2582,0.35127807900852054,3.1595662277304415
2020-09-21,2573,0.3684415079673533,3.1026039642440733
2020-09-28,2747,0.3476519839825264,3.1689115398616674
2020-10-05,2521,0.3649345497818326,3.127330424434748
2020-10-12,2688,0.3482142857142857,3.1529017857142856
2020-10-19,2911,0.4331844726897973,2.9391961525249055
2020-10-26,2815,0.4326820603907638,2.9154529307282417
2020-11-02,2686,0.4244229337304542,2.9136262099776618
2020-11-09,2696,0.413946587537092,2.9543768545994067
2020-11-16,2865,0.4017452006980803,2.994764397905759
2020-11-23,2648,0.37009063444108764,3.068353474320242
2020-11-30,2833,0.3688669255206495,3.1111895517119663
2020-12-07,2917,0.36510113129928007,3.1038738429893726
2020-12-14,2807,0.36159600997506236,3.124332027075169
2020-12-21,2823,0.37619553666312433,3.0584484590860788
2020-12-28,3095,0.3654281098546042,3.113408723747981
2021-01-04,3011,0.37396213882431084,3.0843573563600133
2021-01-11,2752,0.3546511627906977,3.112281976744186
2021-01-18,3074,0.3601171112556929,3.143786597267404
2021-01-25,2946,0.3771215207060421,3.0685675492192805
2021-02-01,3292,0.36391251518833534,3.106622114216282
2021-02-08,2857,0.3797689884494225,3.039201960098005
2021-02-15,2973,0.3901782711066263,3.0726538849646823
2021-02-22,3023,0.39960304333443597,3.0264637777042673
2021-03-01,2946,0.39646978954514595,3.01663272233537
2021-03-08,3072,0.4010416666666667,3.0159505208333335
2021-03-15,3353,0.42558902475395166,2.9203698180733673
2021-03-22,3705,0.403778677462888,2.9762483130904185
2021-03-29,3093,0.39443905593275136,2.9802780472033623
2021-04-05,2744,0.40488338192419826,2.952259475218659
2021-04-12,2691,0.389817911557042,3.020066889632107
2021-04-19,2553,0.4120642381511947,2.9682726204465335
2021-04-26,2914,0.3695950583390529,3.086822237474262
2021-05-03,2708,0.37370753323485967,3.0635155096011815
2021-05-10,2831,0.41045566937477923,2.9954079830448603
2021-05-17,2734,0.39648866130212146,3.022311631309437
2021-05-24,2619,0.3730431462390225,3.076365024818633
2021-05-31,2690,0.3936802973977695,3.017843866171004
2021-06-07,2719,0.3843324751746966,3.0132401618242
2021-06-14,2643,0.3779795686719637,3.0677260688611425
2021-06-21,2484,0.37318840579710144,3.0523349436392913
2021-06-28,2778,0.3873290136789057,3.058315334773218
2021-07-05,2838,0.3749119097956307,3.0870331219168428
2021-07-12,2812,0.4007823613086771,3.008534850640114
2021-07-19,3001,0.37787404198600466,3.0909696767744084
2021-07-26,2736,0.37755847953216376,3.070906432748538
2021-08-02,2690,0.40111524163568774,2.992936802973978
2021-08-09,2729,0.4224990839135214,2.908757786735068
2021-08-16,2736,0.4334795321637427,2.907529239766082
2021-08-23,2595,0.40385356454720617,2.9915221579961466
2021-08-30,2668,0.4171664167916042,2.9400299850074965
2021-09-06,2531,0.4282892137495061,2.9103121295930463
2021-09-13,2830,0.42968197879858655,2.947703180212014
2021-09-20,2407,0.40963855421686746,2.943498130452846
2021-09-27,2808,0.4462250712250712,2.882122507122507
2021-10-04,2593,0.414577709217123,2.935210181257231
2021-10-11,2586,0.41415313225058004,2.9640371229698377
2021-10-18,2501,0.41823270691723313,2.9296281487405036
2021-10-25,2653,0.4025631360723709,2.992461364493027
2021-11-01,2448,0.4125816993464052,2.94281045751634
2021-11-08,2496,0.4098557692307692,2.9507211538461537
2021-11-15,2795,0.451520572450805,2.838282647584973
2021-11-22,2515,0.4254473161033797,2.935984095427435
2021-11-29,2563,0.41708934841982054,2.925087787748732
2021-12-06,2571,0.425904317386231,2.9315441462465968
2021-12-13,2404,0.4163893510815308,2.9575707154742097
2021-12-20,2378,0.4087468460891506,2.9911690496215306
2021-12-27,2490,0.39477911646586344,3.0269076305220883
2022-01-03,2739,0.3910186199342826,3.0010952902519166
2022-01-10,2508,0.41706539074960125,2.967304625199362
2022-01-17,2617,0.38555598012991976,3.0286587695834926
2022-01-24,2655,0.39246704331450094,3.032015065913371
2022-01-31,2537,0.392983839180134,3.0370516357903035
2022-02-07,2683,0.37048080506895265,3.13007827059262
2022-02-14,2504,0.3909744408945687,3.067891373801917
2022-02-21,2717,0.38424733161575264,3.0813397129186604
2022-02-28,2583,0.3794037940379404,3.075493612078978
2022-03-07,2713,0.38407666789531886,3.0899373387394027
2022-03-14,3762,0.44019138755980863,2.9250398724082936
2022-03-21,2961,0.41236068895643363,2.9983113812901045
2022-03-28,2994,0.40714762859051434,2.979291917167669
2022-04-04,2794,0.4169649248389406,2.9463135289906943
2022-04-11,2709,0.39276485788113696,3.052417866371355
2022-04-18,2625,0.4026666666666667,2.9931428571428573
2022-04-25,2832,0.3855932203389831,3.0395480225988702
2022-05-02,2652,0.37745098039215685,3.0599547511312215
2022-05-09,2486,0.3801287208366854,3.0655671761866454
2022-05-16,2523,0.38882282996432815,3.0245739199365835
2022-05-23,2777,0.40295282679150163,2.9942383867482896
2022-05-30,2527,0.3965176098140087,3.0249307479224377
2022-06-06,2548,0.38657770800627944,3.0474882260596545
2022-06-13,2494,0.3909382518043304,3.0212510024057737
2022-06-20,2384,0.40939597315436244,2.9932885906040267
2022-06-27,2416,0.4019039735099338,2.9991721854304636
2022-07-04,2588,0.38678516228748067,3.0401854714064913
2022-07-11,2637,0.3799772468714448,3.0640879787637467
2022-07-18,2877,0.40145985401459855,2.9641988182134167
2022-07-25,2704,0.4182692307692308,2.9304733727810652
2022-08-01,2643,0.41732879303821413,2.9568671963677637
2022-08-08,2594,0.4348496530454896,2.894371626831149
2022-08-15,2505,0.40079840319361276,2.992015968063872
2022-08-22,2699,0.4260837347165617,2.9388662467580584
2022-08-29,2656,0.4145331325301205,2.992093373493976
2022-09-05,2647,0.41103135625236115,2.953532300717794
2022-09-12,2483,0.4409987917841321,2.864277084172372
2022-09-19,2303,0.4415979157620495,2.858011289622232
2022-09-26,2358,0.41857506361323155,2.9279050042408823
2022-10-03,2307,0.42002600780234073,2.9583875162548763
2022-10-10,2272,0.43309859154929575,2.8882042253521125
2022-10-17,2377,0.436684896928902,2.8843079511989904
2022-10-24,2392,0.42474916387959866,2.9297658862876252
2022-10-31,2444,0.4144844517184943,2.988134206219313
2022-11-07,2397,0.43178973717146435,2.9157279933249898
2022-11-14,2185,0.4260869565217391,2.9524027459954234
2022-11-21,2146,0.4342963653308481,2.895153774464119
2022-11-28,2584,0.41292569659442724,3.018188854489164
2022-12-05,2321,0.4747953468332615,2.81042654028436
2022-12-12,2162,0.45004625346901017,2.8654024051803884
2022-12-19,2085,0.41774580335731415,2.980335731414868
2022-12-26,2264,0.4284452296819788,2.9306537102473498
2023-01-02,3272,0.414119804400978,2.9578239608801957
2023-01-09,2813,0.40455030216850335,2.9768929968005686
2023-01-16,2939,0.4031983667914257,3.044572984008166
2023-01-23,2340,0.4235042735042735,2.936324786324786
2023-01-30,2319,0.41354031910306166,2.9667960327727467
2023-02-06,2442,0.414004914004914,2.98034398034398
2023-02-13,2407,0.42916493560448693,2.9210635646032403
2023-02-20,2296,0.406794425087108,2.9978222996515678
2023-02-27,2222,0.40684068406840684,3.0175517551755178
2023-03-06,2247,0.43079661771250555,2.8940809968847354
2023-03-13,2609,0.41586814871598315,2.9973169796857033
2023-03-20,2507,0.41643398484244115,2.942161946549661
2023-03-27,2431,0.4146441793500617,2.9411764705882355
2023-04-03,2177,0.40238860817638955,2.975654570509876
2023-04-10,2310,0.4367965367965368,2.898701298701299
2023-04-17,2369,0.40734487125369356,2.960320810468552
2023-04-24,2335,0.4663811563169165,2.7978586723768735
2023-05-01,2060,0.4441747572815534,2.8558252427184465
2023-05-08,1928,0.43516597510373445,2.8812240663900415
2023-05-15,1948,0.4589322381930185,2.794147843942505
2023-05-22,2094,0.44173829990448904,2.8772683858643746
2023-05-29,2115,0.4193853427895981,2.9286052009456265
2023-06-05,1980,0.42373737373737375,2.9282828282828284
2023-06-12,2079,0.4175084175084175,2.9398749398749398
2023-06-19,2071,0.4331240946402704,2.9150169000482857
2023-06-26,2300,0.41739130434782606,2.9565217391304346
2023-07-03,2251,0.41892492225677475,2.956019546868059
2023-07-10,2284,0.43257443082311736,2.9229422066549913
2023-07-17,2402,0.40882597835137385,2.975437135720233
2023-07-24,2263,0.4264250994255413,2.9315068493150687
2023-07-31,2251,0.4264771212794314,2.9182585517547754
2023-08-07,2276,0.44551845342706503,2.8651142355008785
2023-08-14,2206,0.4184043517679057,2.9397098821396193
2023-08-21,2270,0.41806167400881056,2.973568281938326
2023-08-28,2126,0.43508936970837253,2.880526810912512
2023-09-04,2246,0.4452359750667854,2.8820124666073017
2023-09-11,2283,0.4445904511607534,2.900131406044678
2023-09-18,2267,0.4344949272165858,2.8857520952801057
2023-09-25,2357,0.42511667373780226,2.938481120067883
2023-10-02,2360,0.4419491525423729,2.8800847457627117
2023-10-09,2245,0.4115812917594655,2.98173719376392
2023-10-16,2367,0.4068441064638783,2.9809885931558937
2023-10-23,2230,0.4094170403587444,2.952017937219731
2023-10-30,2265,0.434878587196468,2.9236203090507726
2023-11-06,2425,0.4197938144329897,2.975257731958763
2023-11-13,2289,0.41546526867627787,2.9960681520314547
2023-11-20,2300,0.40956521739130436,3.006086956521739
2023-11-27,2387,0.42019271051529117,2.9811478843736907
2023-12-04,2385,0.4109014675052411,2.99958071278826
2023-12-11,2425,0.4061855670103093,2.995463917525773
2023-12-18,2477,0.4174404521598708,2.973354864755753
2023-12-25,2590,0.3992277992277992,3.0154440154440154
2024-01-01,2703,0.39918608953015167,3.036256011838698
2024-01-08,2425,0.3764948453608247,3.0841237113402062
2024-01-15,2613,0.41484883275928053,2.984309223115193
2024-01-22,2568,0.4217289719626168,2.975467289719626
2024-01-29,2584,0.4024767801857585,3.0506965944272446
2024-02-05,2653,0.4150018846588767,2.9898228420655864
2024-02-12,2654,0.42916352675207237,2.964958553127355
2024-02-19,2596,0.4453004622496148,2.9117873651771955
2024-02-26,3282,0.43418647166361973,2.9018890920170626
2024-03-04,2950,0.40983050847457625,3.0461016949152544
2024-03-11,3251,0.4441710243002153,2.922485389111043
2024-03-18,3490,0.44527220630372494,2.929226361031519
2024-03-25,3027,0.42253055830855635,2.959696068714899
2024-04-01,2932,0.4273533424283765,2.9638472032742156
2024-04-08,3044,0.43725361366622867,2.921484888304862
2024-04-15,3076,0.4249024707412224,2.9518855656697007
2024-04-22,3354,0.42098986285032797,2.9546809779367917
2024-04-29,3184,0.4114321608040201,2.9868090452261304
2024-05-06,2892,0.4149377593360996,2.9789073305670817
2024-05-13,2883,0.42941380506416926,2.9375650364203953
2024-05-20,2967,0.41523424334344455,2.9925851027974386
2024-05-27,2914,0.39018531228551817,3.0171585449553877
2024-06-03,3139,0.4147817776361899,2.9662312838483595
2024-06-10,3045,0.43448275862068964,2.914285714285714
2024-06-17,3163,0.4312361681947518,2.9143218463484035
2024-06-24,3092,0.425614489003881,2.988033635187581
2024-07-01,2982,0.4336016096579477,2.9419852448021464
2024-07-08,2880,0.42256944444444444,2.963888888888889
2024-07-15,3050,0.4560655737704918,2.860327868852459
2024-07-22,2948,0.45759837177747625,2.853799185888738
2024-07-29,3228,0.49814126394052044,2.7252168525402727
2024-08-05,3087,0.4117265954000648,3.0346614836410755
2024-08-12,3144,0.4287531806615776,2.9309796437659035
2024-08-19,2984,0.4527479892761394,2.859249329758713
2024-08-26,3098,0.44028405422853456,2.920916720464816
2024-09-02,2934,0.4495569188820723,2.8752556237218814
2024-09-09,2974,0.44989912575655683,2.870544720914593
2024-09-16,3286,0.4394400486914181,2.915702982349361
2024-09-23,3557,0.4121450660669103,3.0430137756536406
2024-09-30,3250,0.43046153846153845,2.9252307692307693
2024-10-07,3329,0.4328627215379994,2.9101832382096724
2024-10-14,3741,0.37877572841486234,3.120556001069233
2024-10-21,4510,0.4501108647450111,2.9
2024-10-28,5485,0.4105742935278031,3.0395624430264356
2024-11-04,6015,0.4204488778054863,2.9958437240232754
2024-11-11,6594,0.4046102517440097,3.1006976038823173
2024-11-18,6617,0.4346380534985643,2.9950128457004683
2024-11-25,6172,0.40959170447180815,3.104342190537913
2024-12-02,7189,0.4096536375017388,3.071219919321185
2024-12-09,6763,0.433535413278131,2.997634186012125
2024-12-16,6389,0.40757552042573175,3.0870245734856785
2024-12-23,6049,0.40734005620763764,3.094561084476773
2024-12-30,6560,0.39695121951219514,3.1278963414634147
2025-01-06,6384,0.3956766917293233,3.119360902255639
2025-01-13,6976,0.40610665137614677,3.0847190366972477
2025-01-20,7200,0.39166666666666666,3.175
2025-01-27,7984,0.38038577154308617,3.224198396793587
2025-02-03,8346,0.3653247064462018,3.2730649412892405
2025-02-10,9239,0.36789695854529714,3.2658296352419094
2025-02-17,9392,0.36328790459965926,3.285136286201022
2025-02-24,11940,0.3722780569514238,3.2306532663316583
2025-03-03,10983,0.35955567695529456,3.287808431211873
2025-03-10,11159,0.3407115332915136,3.3615915404606147
2025-03-17,11541,0.35412875833983193,3.325015163330734
2025-03-24,11812,0.35260751777853033,3.345072807314595
2025-03-31,11410,0.34198071866783525,3.382559158632778
2025-04-07,11677,0.33510319431360797,3.416288430247495
2025-04-14,6625,0.32,3.4747169811320755
2025-04-21,150,0.28,3.513333333333333
