period_start,text_sentiment_label,review_count,average_rating
2010-04-19,neutral,3,1.6667
2010-04-19,positive,3,1.3333
2010-04-26,neutral,8,2.375
2010-04-26,positive,6,3.0
2010-04-26,negative,1,3.0
2010-05-03,positive,6,2.3333
2010-05-03,neutral,5,3.0
2010-05-10,neutral,11,2.1818
2010-05-10,positive,11,2.8182
2010-05-10,negative,4,2.0
2010-05-17,positive,9,2.3333
2010-05-17,negative,4,2.5
2010-05-17,neutral,4,2.25
2010-05-24,neutral,8,2.25
2010-05-24,positive,6,2.5
2010-05-24,negative,4,1.5
2010-05-31,neutral,4,3.0
2010-05-31,positive,3,2.3333
2010-06-07,positive,11,2.7273
2010-06-07,neutral,8,2.5
2010-06-07,negative,6,1.5
2010-06-14,positive,4,2.0
2010-06-14,neutral,3,1.3333
2010-06-14,negative,2,3.0
2010-06-21,positive,7,2.4286
2010-06-21,negative,4,2.25
2010-06-21,neutral,4,1.75
2010-06-28,positive,7,1.8571
2010-06-28,neutral,5,2.0
2010-06-28,negative,2,2.0
2010-07-05,neutral,11,2.0909
2010-07-05,positive,5,2.6
2010-07-05,negative,1,1.0
2010-07-12,positive,7,2.7143
2010-07-12,neutral,6,2.6667
2010-07-12,negative,5,1.6
2010-07-19,positive,11,2.9091
2010-07-19,neutral,10,2.4
2010-07-19,negative,1,3.0
2010-07-26,positive,10,2.3
2010-07-26,neutral,8,1.875
2010-07-26,negative,7,1.5714
2010-08-02,neutral,13,1.7692
2010-08-02,negative,11,1.6364
2010-08-02,positive,10,1.9
2010-08-09,negative,8,1.625
2010-08-09,positive,8,2.5
2010-08-09,neutral,5,2.2
2010-08-16,positive,14,2.2857
2010-08-16,neutral,8,2.375
2010-08-16,negative,5,1.8
2010-08-23,positive,9,1.8889
2010-08-23,negative,4,2.0
2010-08-23,neutral,4,2.5
2010-08-30,positive,14,2.3571
2010-08-30,neutral,8,2.125
2010-08-30,negative,3,1.6667
2010-09-06,positive,11,2.5455
2010-09-06,negative,8,1.5
2010-09-06,neutral,8,2.0
2010-09-13,neutral,6,2.0
2010-09-13,positive,5,2.6
2010-09-13,negative,3,1.6667
2010-09-20,positive,7,2.4286
2010-09-20,neutral,6,1.8333
2010-09-20,negative,4,1.25
2010-09-27,neutral,16,1.75
2010-09-27,positive,14,2.3571
2010-09-27,negative,8,1.625
2010-10-04,positive,6,2.3333
2010-10-04,neutral,5,2.0
2010-10-11,neutral,6,2.0
2010-10-11,negative,5,2.4
2010-10-11,positive,3,1.3333
2010-10-18,neutral,8,2.125
2010-10-18,positive,5,2.8
2010-10-18,negative,3,1.3333
2010-10-25,negative,3,1.6667
2010-10-25,positive,3,2.0
2010-10-25,neutral,2,2.0
2010-11-01,neutral,7,1.8571
2010-11-01,positive,5,2.8
2010-11-01,negative,4,2.75
2010-11-08,neutral,4,2.0
2010-11-08,positive,3,2.0
2010-11-08,negative,1,3.0
2010-11-15,positive,6,2.6667
2010-11-15,negative,4,2.0
2010-11-15,neutral,3,3.0
2010-11-22,negative,5,1.8
2010-11-22,neutral,5,1.4
2010-11-22,positive,1,2.0
2010-11-29,positive,11,2.1818
2010-11-29,negative,6,2.3333
2010-11-29,neutral,5,2.4
2010-12-06,neutral,9,1.6667
2010-12-06,positive,8,2.375
2010-12-06,negative,3,1.3333
2010-12-13,neutral,14,1.7857
2010-12-13,positive,4,2.5
2010-12-13,negative,3,2.0
2010-12-20,negative,7,1.1429
2010-12-20,neutral,3,1.0
2010-12-20,positive,2,2.5
2010-12-27,positive,14,2.6429
2010-12-27,neutral,11,2.2727
2010-12-27,negative,1,3.0
2011-01-03,neutral,9,1.7778
2011-01-03,positive,8,2.375
2011-01-03,negative,2,1.0
2011-01-10,neutral,11,1.4545
2011-01-10,negative,8,1.625
2011-01-10,positive,8,2.5
2011-01-17,positive,10,2.5
2011-01-17,negative,9,1.7778
2011-01-17,neutral,7,2.1429
2011-01-24,neutral,8,1.625
2011-01-24,positive,7,2.7143
2011-01-24,negative,3,2.6667
2011-01-31,neutral,19,1.4737
2011-01-31,positive,8,2.375
2011-01-31,negative,7,1.1429
2011-02-07,neutral,11,1.6364
2011-02-07,negative,5,1.4
2011-02-07,positive,5,2.8
2011-02-14,neutral,8,2.125
2011-02-14,negative,5,1.6
2011-02-14,positive,3,3.0
2011-02-21,neutral,12,2.0833
2011-02-21,negative,7,1.7143
2011-02-21,positive,7,2.7143
2011-02-28,neutral,12,2.3333
2011-02-28,positive,5,2.6
2011-02-28,negative,3,1.6667
2011-03-07,negative,5,1.4
2011-03-07,neutral,5,1.6
2011-03-07,positive,4,2.5
2011-03-14,neutral,5,1.8
2011-03-14,positive,5,2.6
2011-03-14,negative,4,1.5
2011-03-21,negative,4,1.5
2011-03-21,neutral,4,1.75
2011-03-28,neutral,10,1.4
2011-03-28,negative,2,1.5
2011-03-28,positive,2,1.5
2011-04-04,neutral,12,1.4167
2011-04-04,positive,8,1.875
2011-04-04,negative,3,1.3333
2011-04-11,neutral,13,1.8462
2011-04-11,positive,9,2.6667
2011-04-11,negative,1,2.0
2011-04-18,neutral,9,1.6667
2011-04-18,positive,2,2.0
2011-04-25,positive,8,2.75
2011-04-25,neutral,6,1.8333
2011-04-25,negative,4,1.75
2011-05-02,neutral,5,1.6
2011-05-02,positive,4,2.0
2011-05-02,negative,2,1.5
2011-05-09,positive,6,2.1667
2011-05-09,negative,5,1.0
2011-05-09,neutral,5,2.2
2011-05-16,positive,5,2.0
2011-05-16,neutral,4,1.75
2011-05-16,negative,2,2.5
2011-05-23,neutral,6,2.0
2011-05-23,negative,2,3.0
2011-05-23,positive,2,3.0
2011-05-30,neutral,3,1.0
2011-05-30,negative,2,1.5
2011-05-30,positive,1,2.0
2011-06-06,neutral,10,1.7
2011-06-06,positive,4,2.5
2011-06-06,negative,2,2.0
2011-06-13,neutral,9,1.6667
2011-06-13,positive,4,2.25
2011-06-13,negative,2,1.5
2011-06-20,neutral,7,1.5714
2011-06-20,positive,5,2.4
2011-06-20,negative,3,2.3333
2011-06-27,neutral,8,2.125
2011-06-27,positive,6,2.6667
2011-06-27,negative,5,1.8
2011-07-04,neutral,6,2.0
2011-07-04,positive,4,1.5
2011-07-04,negative,3,2.0
2011-07-11,neutral,3,1.3333
2011-07-11,positive,3,2.0
2011-07-11,negative,2,2.5
2011-07-18,neutral,8,1.5
2011-07-18,positive,6,2.5
2011-07-18,negative,2,1.5
2011-07-25,neutral,4,1.75
2011-07-25,negative,3,1.6667
2011-07-25,positive,2,3.0
2011-08-01,neutral,6,1.3333
2011-08-01,positive,3,2.6667
2011-08-01,negative,1,2.0
2011-08-08,positive,7,2.2857
2011-08-08,neutral,5,1.4
2011-08-08,negative,1,1.0
2011-08-15,neutral,6,1.3333
2011-08-15,positive,6,2.0
2011-08-15,negative,4,1.75
2011-08-22,neutral,13,1.9231
2011-08-22,positive,6,2.3333
2011-08-22,negative,3,2.6667
2011-08-29,neutral,7,2.5714
2011-08-29,negative,2,3.0
2011-08-29,positive,1,1.0
2011-09-05,positive,4,2.5
2011-09-05,negative,3,1.3333
2011-09-05,neutral,1,1.0
2011-09-12,neutral,5,1.6
2011-09-12,positive,5,1.8
2011-09-12,negative,4,1.75
2011-09-19,neutral,8,2.125
2011-09-19,positive,7,2.2857
2011-09-19,negative,2,2.0
2011-09-26,neutral,10,2.3
2011-09-26,positive,6,2.5
2011-09-26,negative,2,2.0
2011-10-03,negative,6,1.1667
2011-10-03,neutral,2,1.5
2011-10-03,positive,2,2.5
2011-10-10,neutral,7,2.2857
2011-10-10,negative,1,2.0
2011-10-17,positive,7,2.2857
2011-10-17,negative,3,2.3333
2011-10-17,neutral,3,1.6667
2011-10-24,positive,4,2.75
2011-10-24,negative,2,1.5
2011-10-24,neutral,2,2.5
2011-10-31,neutral,6,1.8333
2011-10-31,positive,2,2.5
2011-10-31,negative,1,1.0
2011-11-07,neutral,2,1.5
2011-11-07,positive,1,3.0
2011-11-14,neutral,3,1.0
2011-11-14,positive,3,2.6667
2011-11-14,negative,1,2.0
2011-11-21,positive,6,2.1667
2011-11-21,negative,1,1.0
2011-11-21,neutral,1,1.0
2011-11-28,neutral,5,1.2
2011-11-28,positive,2,1.5
2011-11-28,negative,1,2.0
2011-12-05,neutral,9,1.7778
2011-12-05,negative,3,1.0
2011-12-05,positive,2,1.0
2011-12-12,neutral,9,2.1111
2011-12-12,positive,7,2.1429
2011-12-12,negative,1,3.0
2011-12-19,positive,6,2.1667
2011-12-19,neutral,5,1.4
2011-12-19,negative,4,1.0
2011-12-26,positive,4,2.0
2011-12-26,negative,3,1.6667
2011-12-26,neutral,2,1.5
2012-01-02,positive,4,2.0
2012-01-02,neutral,3,1.6667
2012-01-02,negative,1,2.0
2012-01-09,neutral,7,1.8571
2012-01-09,positive,5,2.4
2012-01-16,neutral,5,1.8
2012-01-16,negative,1,1.0
2012-01-23,negative,8,1.75
2012-01-23,neutral,7,1.4286
2012-01-23,positive,5,1.4
2012-01-30,neutral,9,1.5556
2012-01-30,negative,5,1.8
2012-01-30,positive,4,1.0
2012-02-06,negative,11,1.6364
2012-02-06,positive,4,2.0
2012-02-06,neutral,1,1.0
2012-02-13,neutral,9,1.0
2012-02-13,positive,6,2.1667
2012-02-13,negative,4,1.25
2012-02-20,positive,9,2.7778
2012-02-20,neutral,6,1.5
2012-02-20,negative,4,1.25
2012-02-27,neutral,13,1.5385
2012-02-27,positive,7,1.1429
2012-02-27,negative,2,2.0
2012-03-05,neutral,11,1.9091
2012-03-05,positive,11,2.8182
2012-03-05,negative,7,1.7143
2012-03-12,positive,91,1.956
2012-03-12,negative,80,1.6
2012-03-12,neutral,59,2.0339
2012-03-19,positive,24,1.875
2012-03-19,negative,17,1.2941
2012-03-19,neutral,16,1.875
2012-03-26,neutral,12,1.9167
2012-03-26,positive,8,2.25
2012-03-26,negative,3,1.0
2012-04-02,neutral,14,1.9286
2012-04-02,positive,6,2.5
2012-04-02,negative,5,1.2
2012-04-09,negative,8,1.875
2012-04-09,positive,6,1.8333
2012-04-09,neutral,3,1.3333
2012-04-16,negative,6,1.8333
2012-04-16,positive,5,2.2
2012-04-16,neutral,4,2.0
2012-04-23,neutral,6,1.6667
2012-04-23,positive,5,2.6
2012-04-23,negative,3,1.3333
2012-04-30,positive,7,2.5714
2012-04-30,neutral,5,1.6
2012-05-07,negative,13,1.3077
2012-05-07,positive,11,1.8182
2012-05-07,neutral,9,2.1111
2012-05-14,neutral,11,1.5455
2012-05-14,positive,10,2.2
2012-05-14,negative,3,2.3333
2012-05-21,positive,10,2.9
2012-05-21,neutral,7,1.7143
2012-05-21,negative,6,1.8333
2012-05-28,positive,7,2.4286
2012-05-28,negative,4,1.5
2012-05-28,neutral,4,1.5
2012-06-04,neutral,9,2.3333
2012-06-04,positive,8,2.0
2012-06-04,negative,3,1.6667
2012-06-11,neutral,14,1.7143
2012-06-11,negative,4,1.25
2012-06-11,positive,4,2.25
2012-06-18,positive,14,2.8571
2012-06-18,neutral,13,2.2308
2012-06-18,negative,4,2.25
2012-06-25,positive,16,2.4375
2012-06-25,neutral,13,2.0769
2012-06-25,negative,4,1.5
2012-07-02,neutral,18,1.8889
2012-07-02,negative,15,1.8667
2012-07-02,positive,13,2.3077
2012-07-09,neutral,13,1.9231
2012-07-09,positive,10,2.5
2012-07-09,negative,3,2.0
2012-07-16,positive,4,2.0
2012-07-16,negative,3,1.3333
2012-07-16,neutral,2,1.0
2012-07-23,positive,18,2.5
2012-07-23,neutral,14,2.0714
2012-07-23,negative,11,1.5455
2012-07-30,neutral,19,2.1053
2012-07-30,negative,8,1.75
2012-07-30,positive,6,2.6667
2012-08-06,positive,13,2.3077
2012-08-06,neutral,10,1.9
2012-08-06,negative,4,2.0
2012-08-13,positive,13,2.6923
2012-08-13,negative,7,2.1429
2012-08-13,neutral,5,1.8
2012-08-20,negative,9,2.0
2012-08-20,neutral,9,1.8889
2012-08-20,positive,4,2.75
2012-08-27,neutral,8,1.5
2012-08-27,positive,7,2.1429
2012-08-27,negative,2,1.5
2012-09-03,neutral,13,1.7692
2012-09-03,positive,11,2.2727
2012-09-03,negative,10,1.5
2012-09-10,neutral,10,1.6
2012-09-10,positive,10,2.3
2012-09-10,negative,8,1.625
2012-09-17,negative,9,1.8889
2012-09-17,positive,8,2.5
2012-09-17,neutral,7,1.7143
2012-09-24,positive,8,2.375
2012-09-24,negative,6,1.8333
2012-09-24,neutral,3,2.0
2012-10-01,positive,14,2.5
2012-10-01,negative,8,2.0
2012-10-01,neutral,6,2.0
2012-10-08,neutral,14,2.2143
2012-10-08,positive,10,2.2
2012-10-08,negative,5,2.2
2012-10-15,neutral,12,1.6667
2012-10-15,negative,9,1.6667
2012-10-15,positive,7,2.4286
2012-10-22,neutral,14,1.5714
2012-10-22,positive,12,2.1667
2012-10-22,negative,5,1.6
2012-10-29,neutral,13,1.8462
2012-10-29,positive,13,2.3077
2012-10-29,negative,4,1.5
2012-11-05,neutral,6,1.8333
2012-11-05,positive,6,3.0
2012-11-05,negative,4,2.25
2012-11-12,neutral,10,1.8
2012-11-12,positive,9,2.7778
2012-11-12,negative,4,1.0
2012-11-19,positive,11,1.9091
2012-11-19,negative,10,1.4
2012-11-19,neutral,8,1.375
2012-11-26,neutral,9,2.0
2012-11-26,negative,8,2.25
2012-11-26,positive,7,2.2857
2012-12-03,positive,12,2.0833
2012-12-03,neutral,7,1.5714
2012-12-03,negative,1,1.0
2012-12-10,neutral,15,1.5333
2012-12-10,positive,5,1.8
2012-12-10,negative,4,1.25
2012-12-17,positive,10,2.6
2012-12-17,negative,6,1.8333
2012-12-17,neutral,5,2.2
2012-12-24,neutral,7,1.8571
2012-12-24,positive,7,2.4286
2012-12-24,negative,3,1.6667
2012-12-31,negative,11,1.9091
2012-12-31,positive,8,2.375
2012-12-31,neutral,7,2.0
2013-01-07,negative,6,2.1667
2013-01-07,neutral,6,2.5
2013-01-07,positive,5,2.8
2013-01-14,positive,11,2.3636
2013-01-14,neutral,6,1.6667
2013-01-14,negative,4,2.0
2013-01-21,neutral,10,1.6
2013-01-21,positive,5,2.2
2013-01-21,negative,4,2.0
2013-01-28,neutral,10,1.6
2013-01-28,negative,5,1.8
2013-01-28,positive,5,1.8
2013-02-04,neutral,10,1.7
2013-02-04,negative,4,1.75
2013-02-04,positive,4,2.5
2013-02-11,negative,12,1.4167
2013-02-11,neutral,11,1.7273
2013-02-11,positive,10,2.2
2013-02-18,neutral,5,2.0
2013-02-18,negative,4,1.0
2013-02-18,positive,3,3.0
2013-02-25,positive,9,2.3333
2013-02-25,neutral,5,1.4
2013-02-25,negative,3,1.6667
2013-03-04,positive,9,2.0
2013-03-04,negative,5,1.4
2013-03-04,neutral,3,2.0
2013-03-11,negative,8,2.0
2013-03-11,positive,5,2.4
2013-03-11,neutral,2,2.0
2013-03-18,positive,266,3.2519
2013-03-18,neutral,154,2.0714
2013-03-18,negative,122,1.541
2013-03-25,positive,162,4.1235
2013-03-25,neutral,47,3.0213
2013-03-25,negative,31,2.0968
2013-04-01,positive,28,4.1786
2013-04-01,neutral,14,3.2143
2013-04-01,negative,8,2.125
2013-04-08,positive,27,3.963
2013-04-08,neutral,14,1.7857
2013-04-08,negative,13,1.4615
2013-04-15,negative,18,1.1111
2013-04-15,neutral,9,2.0
2013-04-15,positive,8,2.375
2013-04-22,neutral,9,1.5556
2013-04-22,positive,6,3.3333
2013-04-22,negative,3,1.3333
2013-04-29,positive,5,2.0
2013-04-29,negative,3,2.3333
2013-04-29,neutral,3,2.3333
2013-05-06,negative,6,1.5
2013-05-06,neutral,3,2.3333
2013-05-06,positive,3,2.6667
2013-05-13,positive,17,2.5882
2013-05-13,negative,7,1.8571
2013-05-13,neutral,4,2.25
2013-05-20,positive,13,2.1538
2013-05-20,neutral,9,1.7778
2013-05-20,negative,5,1.4
2013-05-27,negative,6,1.6667
2013-05-27,neutral,6,1.5
2013-05-27,positive,6,3.0
2013-06-03,neutral,9,2.0
2013-06-03,negative,8,1.75
2013-06-03,positive,4,2.0
2013-06-10,neutral,6,1.6667
2013-06-10,negative,5,2.2
2013-06-10,positive,3,2.6667
2013-06-17,neutral,9,1.5556
2013-06-17,positive,8,2.0
2013-06-17,negative,6,1.1667
2013-06-24,positive,8,2.875
2013-06-24,neutral,7,2.0
2013-06-24,negative,5,1.2
2013-07-01,neutral,12,1.6667
2013-07-01,negative,7,1.8571
2013-07-01,positive,7,2.0
2013-07-08,negative,13,1.3077
2013-07-08,positive,8,2.125
2013-07-08,neutral,5,1.8
2013-07-15,negative,9,1.7778
2013-07-15,neutral,8,1.75
2013-07-15,positive,6,2.3333
2013-07-22,positive,12,1.6667
2013-07-22,neutral,9,2.2222
2013-07-22,negative,6,1.3333
2013-07-29,positive,7,2.4286
2013-07-29,negative,5,1.6
2013-07-29,neutral,3,1.6667
2013-08-05,positive,14,2.4286
2013-08-05,neutral,4,2.0
2013-08-05,negative,2,2.0
2013-08-12,neutral,8,1.625
2013-08-12,negative,6,1.3333
2013-08-12,positive,5,1.6
2013-08-19,negative,4,1.25
2013-08-19,positive,3,3.0
2013-08-19,neutral,2,2.0
2013-08-26,positive,14,2.3571
2013-08-26,neutral,13,1.6154
2013-08-26,negative,5,1.8
2013-09-02,neutral,16,1.75
2013-09-02,positive,11,2.4545
2013-09-02,negative,8,1.625
2013-09-09,positive,13,2.5385
2013-09-09,negative,5,1.6
2013-09-09,neutral,4,1.5
2013-09-16,positive,10,2.5
2013-09-16,negative,7,1.5714
2013-09-16,neutral,5,1.6
2013-09-23,neutral,6,1.5
2013-09-23,negative,3,1.6667
2013-09-23,positive,3,2.3333
2013-09-30,neutral,6,1.6667
2013-09-30,negative,5,2.0
2013-09-30,positive,5,3.0
2013-10-07,positive,10,2.4
2013-10-07,neutral,6,1.8333
2013-10-07,negative,4,1.25
2013-10-14,neutral,10,2.0
2013-10-14,positive,8,2.125
2013-10-14,negative,5,1.4
2013-10-21,positive,7,2.8571
2013-10-21,negative,6,1.1667
2013-10-21,neutral,6,1.3333
2013-10-28,positive,28,3.4643
2013-10-28,negative,14,1.8571
2013-10-28,neutral,12,2.3333
2013-11-04,positive,16,3.25
2013-11-04,neutral,8,1.625
2013-11-04,negative,6,2.0
2013-11-11,positive,26,3.2308
2013-11-11,neutral,17,2.5294
2013-11-11,negative,8,1.75
2013-11-18,positive,20,3.25
2013-11-18,neutral,11,2.6364
2013-11-18,negative,6,1.6667
2013-11-25,positive,15,3.3333
2013-11-25,neutral,10,1.8
2013-11-25,negative,5,2.2
2013-12-02,positive,28,3.0
2013-12-02,neutral,11,2.1818
2013-12-02,negative,8,1.75
2013-12-09,positive,19,3.3684
2013-12-09,negative,8,2.625
2013-12-09,neutral,7,1.2857
2013-12-16,neutral,25,2.2
2013-12-16,positive,22,3.5455
2013-12-16,negative,8,1.25
2013-12-23,positive,28,3.25
2013-12-23,neutral,20,3.0
2013-12-23,negative,7,2.1429
2013-12-30,positive,25,3.08
2013-12-30,neutral,15,2.1333
2013-12-30,negative,8,1.875
2014-01-06,neutral,24,2.0
2014-01-06,positive,24,3.0
2014-01-06,negative,9,2.0
2014-01-13,positive,31,3.3226
2014-01-13,neutral,20,2.4
2014-01-13,negative,7,1.8571
2014-01-20,positive,29,3.2414
2014-01-20,negative,17,1.7059
2014-01-20,neutral,17,2.3529
2014-01-27,positive,28,3.3214
2014-01-27,negative,16,1.6875
2014-01-27,neutral,14,2.5
2014-02-03,positive,30,3.3333
2014-02-03,neutral,11,2.9091
2014-02-03,negative,9,1.4444
2014-02-10,positive,28,3.3571
2014-02-10,neutral,11,3.1818
2014-02-10,negative,7,1.8571
2014-02-17,positive,19,2.8947
2014-02-17,neutral,18,2.0556
2014-02-17,negative,12,1.75
2014-02-24,neutral,18,2.2778
2014-02-24,positive,18,3.3333
2014-02-24,negative,8,1.75
2014-03-03,neutral,16,2.0625
2014-03-03,positive,15,3.1333
2014-03-03,negative,11,2.0909
2014-03-10,positive,32,3.6562
2014-03-10,neutral,25,2.88
2014-03-10,negative,14,2.1429
2014-03-17,positive,342,3.655
2014-03-17,neutral,227,2.3877
2014-03-17,negative,136,1.875
2014-03-24,positive,188,3.6809
2014-03-24,neutral,127,2.6299
2014-03-24,negative,77,2.013
2014-03-31,positive,58,3.5517
2014-03-31,neutral,30,2.4
2014-03-31,negative,29,2.1724
2014-04-07,positive,50,3.86
2014-04-07,neutral,32,2.0
2014-04-07,negative,22,1.6818
2014-04-14,positive,29,3.2069
2014-04-14,neutral,22,2.1818
2014-04-14,negative,12,1.5
2014-04-21,neutral,35,1.6857
2014-04-21,positive,30,2.7667
2014-04-21,negative,14,1.2857
2014-04-28,positive,32,3.125
2014-04-28,neutral,19,2.0
2014-04-28,negative,18,1.5
2014-05-05,positive,23,3.0
2014-05-05,neutral,20,1.75
2014-05-05,negative,18,1.3333
2014-05-12,neutral,28,2.1071
2014-05-12,positive,28,2.6429
2014-05-12,negative,24,1.5417
2014-05-19,neutral,23,1.7391
2014-05-19,positive,22,3.0
2014-05-19,negative,16,1.375
2014-05-26,neutral,38,1.7895
2014-05-26,positive,38,2.7368
2014-05-26,negative,18,2.1111
2014-06-02,negative,36,1.3333
2014-06-02,neutral,36,1.6389
2014-06-02,positive,31,3.0323
2014-06-09,positive,38,2.6842
2014-06-09,neutral,28,1.5
2014-06-09,negative,21,1.6667
2014-06-16,neutral,48,1.7917
2014-06-16,positive,43,2.4186
2014-06-16,negative,32,1.4688
2014-06-23,neutral,45,1.5333
2014-06-23,positive,26,2.8462
2014-06-23,negative,22,1.1818
2014-06-30,positive,43,3.0233
2014-06-30,neutral,24,1.875
2014-06-30,negative,21,1.619
2014-07-07,neutral,44,1.7273
2014-07-07,positive,34,2.7059
2014-07-07,negative,33,1.4242
2014-07-14,positive,52,3.2115
2014-07-14,neutral,48,1.75
2014-07-14,negative,28,1.8929
2014-07-21,neutral,53,1.7547
2014-07-21,positive,41,2.4878
2014-07-21,negative,22,1.2727
2014-07-28,positive,50,2.58
2014-07-28,neutral,44,1.8409
2014-07-28,negative,35,1.4857
2014-08-04,negative,36,1.3611
2014-08-04,positive,35,2.8571
2014-08-04,neutral,34,1.8824
2014-08-11,neutral,60,1.9333
2014-08-11,positive,42,3.0952
2014-08-11,negative,29,1.3448
2014-08-18,positive,60,3.0167
2014-08-18,neutral,53,1.5472
2014-08-18,negative,35,1.4571
2014-08-25,positive,56,2.9286
2014-08-25,neutral,55,1.6545
2014-08-25,negative,43,1.3256
2014-09-01,neutral,61,1.623
2014-09-01,positive,59,2.6949
2014-09-01,negative,42,1.5238
2014-09-08,neutral,66,1.5606
2014-09-08,negative,39,1.641
2014-09-08,positive,39,2.5128
2014-09-15,positive,50,3.02
2014-09-15,neutral,42,1.9762
2014-09-15,negative,23,2.0
2014-09-22,positive,44,3.1591
2014-09-22,neutral,28,2.6071
2014-09-22,negative,17,2.3529
2014-09-29,positive,31,3.0323
2014-09-29,neutral,27,2.5556
2014-09-29,negative,13,2.1538
2014-10-06,positive,35,2.7429
2014-10-06,neutral,30,2.5667
2014-10-06,negative,12,1.6667
2014-10-13,positive,29,3.0
2014-10-13,neutral,17,2.2353
2014-10-13,negative,16,2.25
2014-10-20,positive,35,2.8571
2014-10-20,neutral,12,2.3333
2014-10-20,negative,8,2.0
2014-10-27,positive,51,3.0
2014-10-27,negative,22,2.5
2014-10-27,neutral,19,2.1579
2014-11-03,positive,43,3.0465
2014-11-03,neutral,31,2.3871
2014-11-03,negative,15,2.2
2014-11-10,positive,40,2.85
2014-11-10,negative,23,2.2609
2014-11-10,neutral,21,2.381
2014-11-17,positive,34,2.6176
2014-11-17,negative,19,2.1053
2014-11-17,neutral,16,2.5
2014-11-24,positive,43,3.0
2014-11-24,negative,26,2.2308
2014-11-24,neutral,22,2.5
2014-12-01,positive,41,3.0244
2014-12-01,negative,25,2.32
2014-12-01,neutral,18,2.1111
2014-12-08,positive,25,3.32
2014-12-08,neutral,21,1.9048
2014-12-08,negative,19,2.9474
2014-12-15,positive,40,2.675
2014-12-15,negative,21,2.6667
2014-12-15,neutral,17,2.8235
2014-12-22,positive,96,3.2708
2014-12-22,neutral,41,2.561
2014-12-22,negative,35,2.1143
2014-12-29,positive,75,3.3333
2014-12-29,negative,40,2.4
2014-12-29,neutral,38,2.2632
2015-01-05,positive,49,2.9592
2015-01-05,neutral,46,1.9348
2015-01-05,negative,16,2.0625
2015-01-12,positive,49,2.8367
2015-01-12,neutral,33,2.1818
2015-01-12,negative,15,2.3333
2015-01-19,positive,30,2.8333
2015-01-19,neutral,24,2.3333
2015-01-19,negative,13,2.0
2015-01-26,positive,50,2.68
2015-01-26,neutral,32,2.2812
2015-01-26,negative,18,2.3333
2015-02-02,positive,42,2.9762
2015-02-02,neutral,27,2.3704
2015-02-02,negative,21,1.9048
2015-02-09,positive,44,2.9773
2015-02-09,neutral,27,2.3704
2015-02-09,negative,20,2.05
2015-02-16,positive,43,3.0
2015-02-16,neutral,31,2.1935
2015-02-16,negative,16,2.1875
2015-02-23,neutral,25,2.2
2015-02-23,positive,25,2.88
2015-02-23,negative,21,2.381
2015-03-02,positive,50,3.28
2015-03-02,neutral,34,2.4706
2015-03-02,negative,18,1.5556
2015-03-09,positive,52,2.6346
2015-03-09,neutral,50,2.18
2015-03-09,negative,37,2.2703
2015-03-16,positive,293,3.2696
2015-03-16,negative,181,1.6298
2015-03-16,neutral,170,2.2235
2015-03-23,positive,158,3.557
2015-03-23,neutral,72,2.75
2015-03-23,negative,62,2.0968
2015-03-30,positive,58,3.3103
2015-03-30,neutral,40,2.25
2015-03-30,negative,25,2.04
2015-04-06,positive,45,3.1111
2015-04-06,neutral,28,2.5
2015-04-06,negative,27,1.8889
2015-04-13,positive,30,2.7667
2015-04-13,neutral,23,2.3043
2015-04-13,negative,11,2.2727
2015-04-20,neutral,34,1.9412
2015-04-20,positive,26,3.1154
2015-04-20,negative,9,1.8889
2015-04-27,positive,45,3.1333
2015-04-27,neutral,30,2.1667
2015-04-27,negative,17,2.2941
2015-05-04,positive,31,3.0968
2015-05-04,neutral,27,2.963
2015-05-04,negative,15,2.1333
2015-05-11,positive,40,3.35
2015-05-11,neutral,30,2.8
2015-05-11,negative,13,2.3846
2015-05-18,positive,48,3.8542
2015-05-18,neutral,39,3.1538
2015-05-18,negative,12,2.0
2015-05-25,positive,46,3.3043
2015-05-25,neutral,24,2.875
2015-05-25,negative,17,2.1765
2015-06-01,positive,35,2.9143
2015-06-01,neutral,19,2.6842
2015-06-01,negative,15,2.4667
2015-06-08,positive,33,2.8182
2015-06-08,neutral,25,2.36
2015-06-08,negative,23,2.4348
2015-06-15,neutral,27,2.5926
2015-06-15,positive,26,3.2308
2015-06-15,negative,12,2.0833
2015-06-22,positive,38,2.9737
2015-06-22,neutral,22,2.2727
2015-06-22,negative,12,2.1667
2015-06-29,positive,28,2.4643
2015-06-29,neutral,23,2.2174
2015-06-29,negative,22,2.5
2015-07-06,neutral,31,2.4516
2015-07-06,positive,26,2.5769
2015-07-06,negative,19,2.3684
2015-07-13,positive,37,2.8919
2015-07-13,neutral,21,2.8095
2015-07-13,negative,10,2.5
2015-07-20,positive,35,2.9143
2015-07-20,neutral,24,2.4583
2015-07-20,negative,20,2.0
2015-07-27,positive,30,2.7333
2015-07-27,negative,27,2.2593
2015-07-27,neutral,27,2.2963
2015-08-03,positive,32,3.0938
2015-08-03,negative,23,2.1739
2015-08-03,neutral,20,2.55
2015-08-10,neutral,35,2.3429
2015-08-10,positive,30,2.9333
2015-08-10,negative,14,2.2143
2015-08-17,positive,37,2.8108
2015-08-17,neutral,19,2.0526
2015-08-17,negative,17,2.3529
2015-08-24,positive,31,2.8387
2015-08-24,neutral,21,2.0952
2015-08-24,negative,13,1.9231
2015-08-31,positive,32,2.8125
2015-08-31,neutral,19,2.1579
2015-08-31,negative,12,2.5
2015-09-07,neutral,29,2.3103
2015-09-07,positive,24,3.1667
2015-09-07,negative,18,2.1667
2015-09-14,positive,42,2.8571
2015-09-14,neutral,23,2.6087
2015-09-14,negative,13,2.1538
2015-09-21,positive,42,2.7619
2015-09-21,neutral,38,2.2105
2015-09-21,negative,16,2.625
2015-09-28,positive,48,2.9583
2015-09-28,neutral,32,2.4688
2015-09-28,negative,26,2.2308
2015-10-05,positive,41,2.561
2015-10-05,negative,30,2.3
2015-10-05,neutral,23,2.3043
2015-10-12,positive,44,2.7727
2015-10-12,neutral,27,2.8148
2015-10-12,negative,21,2.0476
2015-10-19,positive,54,2.7963
2015-10-19,negative,34,1.9706
2015-10-19,neutral,31,2.5484
2015-10-26,positive,48,2.7917
2015-10-26,neutral,38,2.5789
2015-10-26,negative,32,2.0938
2015-11-02,positive,36,2.8333
2015-11-02,neutral,32,2.4688
2015-11-02,negative,28,2.1429
2015-11-09,positive,39,2.6667
2015-11-09,neutral,24,2.5
2015-11-09,negative,22,2.1818
2015-11-16,positive,41,3.0732
2015-11-16,neutral,28,2.3571
2015-11-16,negative,20,2.15
2015-11-23,positive,55,3.0
2015-11-23,neutral,28,2.7143
2015-11-23,negative,25,2.2
2015-11-30,positive,63,3.0
2015-11-30,neutral,35,2.3429
2015-11-30,negative,30,2.3333
2015-12-07,positive,58,2.9138
2015-12-07,neutral,38,2.4474
2015-12-07,negative,24,2.375
2015-12-14,positive,39,2.9744
2015-12-14,neutral,32,2.375
2015-12-14,negative,26,2.3077
2015-12-21,positive,47,3.2766
2015-12-21,neutral,25,2.32
2015-12-21,negative,20,1.9
2015-12-28,positive,62,2.9839
2015-12-28,neutral,35,2.5714
2015-12-28,negative,29,2.2759
2016-01-04,positive,67,3.1045
2016-01-04,neutral,37,2.5676
2016-01-04,negative,33,2.303
2016-01-11,positive,50,2.86
2016-01-11,negative,21,2.2857
2016-01-11,neutral,19,2.6842
2016-01-18,positive,61,3.0984
2016-01-18,neutral,25,2.72
2016-01-18,negative,21,2.4286
2016-01-25,positive,44,2.8409
2016-01-25,neutral,30,2.4333
2016-01-25,negative,25,2.16
2016-02-01,neutral,30,2.4667
2016-02-01,positive,29,3.2414
2016-02-01,negative,18,2.5556
2016-02-08,positive,43,2.9302
2016-02-08,neutral,31,2.4839
2016-02-08,negative,21,2.2381
2016-02-15,positive,64,3.0625
2016-02-15,neutral,30,2.7333
2016-02-15,negative,22,2.5
2016-02-22,positive,53,3.0755
2016-02-22,negative,29,2.4138
2016-02-22,neutral,27,2.4815
2016-02-29,positive,59,2.8475
2016-02-29,neutral,38,2.4474
2016-02-29,negative,22,2.6364
2016-03-07,positive,59,3.2203
2016-03-07,neutral,35,3.1714
2016-03-07,negative,26,2.3846
2016-03-14,positive,271,3.8782
2016-03-14,neutral,157,2.9936
2016-03-14,negative,82,2.3902
2016-03-21,positive,117,3.1368
2016-03-21,neutral,58,2.5
2016-03-21,negative,43,2.4186
2016-03-28,positive,79,3.3671
2016-03-28,neutral,41,2.9268
2016-03-28,negative,37,2.1892
2016-04-04,positive,65,3.1538
2016-04-04,neutral,40,2.75
2016-04-04,negative,34,2.1765
2016-04-11,positive,66,3.0
2016-04-11,neutral,37,2.9459
2016-04-11,negative,27,2.6296
2016-04-18,positive,46,3.0
2016-04-18,neutral,28,3.0357
2016-04-18,negative,18,2.1667
2016-04-25,positive,60,3.0667
2016-04-25,neutral,32,2.5938
2016-04-25,negative,19,2.3158
2016-05-02,positive,53,3.0189
2016-05-02,neutral,33,2.3333
2016-05-02,negative,18,2.0556
2016-05-09,positive,45,2.8222
2016-05-09,negative,26,2.2692
2016-05-09,neutral,21,2.5238
2016-05-16,positive,47,3.0213
2016-05-16,neutral,26,2.7692
2016-05-16,negative,19,2.2632
2016-05-23,positive,43,2.8372
2016-05-23,neutral,33,2.4242
2016-05-23,negative,16,2.0625
2016-05-30,positive,43,3.2791
2016-05-30,neutral,23,2.5652
2016-05-30,negative,13,2.2308
2016-06-06,positive,54,3.0556
2016-06-06,neutral,44,2.6364
2016-06-06,negative,14,2.6429
2016-06-13,positive,51,3.0588
2016-06-13,neutral,36,2.4722
2016-06-13,negative,27,2.3333
2016-06-20,positive,49,3.2857
2016-06-20,negative,21,2.0476
2016-06-20,neutral,21,2.9048
2016-06-27,positive,49,3.2041
2016-06-27,neutral,26,2.5
2016-06-27,negative,19,2.1579
2016-07-04,positive,60,3.0333
2016-07-04,neutral,34,2.4118
2016-07-04,negative,20,2.15
2016-07-11,positive,57,3.0877
2016-07-11,neutral,25,2.36
2016-07-11,negative,20,2.25
2016-07-18,positive,51,3.2745
2016-07-18,negative,25,2.4
2016-07-18,neutral,21,2.5238
2016-07-25,positive,43,3.2326
2016-07-25,neutral,27,2.7778
2016-07-25,negative,14,2.6429
2016-08-01,positive,48,3.0625
2016-08-01,neutral,37,2.2973
2016-08-01,negative,13,2.1538
2016-08-08,positive,67,2.8657
2016-08-08,neutral,50,2.38
2016-08-08,negative,35,2.5714
2016-08-15,positive,78,2.8462
2016-08-15,neutral,53,2.5283
2016-08-15,negative,47,2.1915
2016-08-22,positive,65,3.1231
2016-08-22,neutral,48,2.6042
2016-08-22,negative,28,2.3214
2016-08-29,positive,61,2.9672
2016-08-29,neutral,29,2.3793
2016-08-29,negative,26,2.3077
2016-09-05,positive,47,2.8511
2016-09-05,neutral,35,2.4857
2016-09-05,negative,17,2.2353
2016-09-12,positive,69,2.971
2016-09-12,negative,34,2.1176
2016-09-12,neutral,31,2.3871
2016-09-19,positive,66,2.9545
2016-09-19,neutral,44,2.4773
2016-09-19,negative,28,1.9286
2016-09-26,positive,64,3.2188
2016-09-26,neutral,30,2.6
2016-09-26,negative,20,2.35
2016-10-03,positive,50,3.2
2016-10-03,neutral,44,2.7273
2016-10-03,negative,18,2.5
2016-10-10,positive,41,3.2927
2016-10-10,neutral,33,2.697
2016-10-10,negative,17,2.3529
2016-10-17,positive,47,3.2766
2016-10-17,neutral,28,2.4286
2016-10-17,negative,19,2.2632
2016-10-24,positive,49,2.8367
2016-10-24,negative,28,2.3571
2016-10-24,neutral,24,2.6667
2016-10-31,positive,53,3.1887
2016-10-31,neutral,39,2.5897
2016-10-31,negative,19,2.3684
2016-11-07,positive,54,3.0
2016-11-07,neutral,33,2.3939
2016-11-07,negative,28,2.0357
2016-11-14,positive,73,2.8493
2016-11-14,neutral,40,2.575
2016-11-14,negative,24,2.0
2016-11-21,positive,52,3.3077
2016-11-21,neutral,40,2.725
2016-11-21,negative,30,2.2333
2016-11-28,positive,61,3.1803
2016-11-28,neutral,33,2.7576
2016-11-28,negative,18,2.2778
2016-12-05,positive,78,3.2949
2016-12-05,negative,37,2.7027
2016-12-05,neutral,34,2.4412
2016-12-12,positive,84,3.369
2016-12-12,neutral,42,2.9524
2016-12-12,negative,24,2.2917
2016-12-19,positive,102,3.5784
2016-12-19,neutral,50,2.88
2016-12-19,negative,32,2.8125
2016-12-26,positive,143,3.5385
2016-12-26,neutral,63,2.6032
2016-12-26,negative,58,2.4483
2017-01-02,positive,87,3.3563
2017-01-02,neutral,44,2.9091
2017-01-02,negative,34,2.7059
2017-01-09,positive,77,3.3896
2017-01-09,neutral,38,2.6842
2017-01-09,negative,30,2.2667
2017-01-16,positive,79,3.1772
2017-01-16,neutral,32,2.7812
2017-01-16,negative,21,2.4286
2017-01-23,positive,67,3.1194
2017-01-23,neutral,31,2.6452
2017-01-23,negative,30,2.2667
2017-01-30,positive,64,3.2656
2017-01-30,negative,38,2.1579
2017-01-30,neutral,25,2.92
2017-02-06,positive,132,2.6742
2017-02-06,negative,114,1.8246
2017-02-06,neutral,88,2.125
2017-02-13,positive,94,2.734
2017-02-13,neutral,70,2.4286
2017-02-13,negative,57,2.0526
2017-02-20,positive,99,3.101
2017-02-20,neutral,51,2.7255
2017-02-20,negative,45,2.3333
2017-02-27,positive,103,3.3107
2017-02-27,neutral,40,2.35
2017-02-27,negative,28,2.5
2017-03-06,positive,89,3.3708
2017-03-06,neutral,47,2.7021
2017-03-06,negative,32,2.2812
2017-03-13,positive,210,3.6476
2017-03-13,neutral,100,2.17
2017-03-13,negative,86,1.8372
2017-03-20,positive,85,3.6
2017-03-20,negative,57,2.0702
2017-03-20,neutral,41,2.7805
2017-03-27,positive,101,3.7426
2017-03-27,neutral,47,2.8511
2017-03-27,negative,44,2.3182
2017-04-03,positive,117,3.8974
2017-04-03,neutral,54,3.1481
2017-04-03,negative,45,2.5333
2017-04-10,positive,68,3.3235
2017-04-10,neutral,37,2.7027
2017-04-10,negative,30,2.5
2017-04-17,positive,128,2.9922
2017-04-17,neutral,59,2.3559
2017-04-17,negative,51,2.098
2017-04-24,positive,83,3.6747
2017-04-24,neutral,35,2.4286
2017-04-24,negative,30,2.5667
2017-05-01,positive,88,3.4091
2017-05-01,neutral,40,2.6
2017-05-01,negative,31,2.3226
2017-05-08,positive,184,3.0109
2017-05-08,negative,116,2.4224
2017-05-08,neutral,108,2.5
2017-05-15,positive,146,3.1986
2017-05-15,neutral,71,2.5211
2017-05-15,negative,53,2.1509
2017-05-22,positive,123,3.2195
2017-05-22,neutral,55,2.8182
2017-05-22,negative,46,2.3261
2017-05-29,positive,93,3.4409
2017-05-29,neutral,54,2.7407
2017-05-29,negative,36,2.0833
2017-06-05,positive,93,3.3118
2017-06-05,neutral,44,2.7955
2017-06-05,negative,37,2.2162
2017-06-12,positive,88,3.25
2017-06-12,negative,40,2.35
2017-06-12,neutral,33,2.5455
2017-06-19,positive,80,3.2625
2017-06-19,negative,44,2.3864
2017-06-19,neutral,42,2.7619
2017-06-26,positive,125,3.864
2017-06-26,neutral,46,2.8478
2017-06-26,negative,33,2.7576
2017-07-03,positive,185,3.9243
2017-07-03,neutral,44,3.1364
2017-07-03,negative,43,2.907
2017-07-10,positive,112,3.4196
2017-07-10,negative,34,2.3824
2017-07-10,neutral,30,2.6667
2017-07-17,positive,65,3.4308
2017-07-17,neutral,41,2.6585
2017-07-17,negative,36,2.4722
2017-07-24,positive,91,3.5275
2017-07-24,neutral,49,2.6531
2017-07-24,negative,40,2.175
2017-07-31,positive,105,3.6571
2017-07-31,neutral,37,3.0541
2017-07-31,negative,27,2.4444
2017-08-07,positive,116,3.7328
2017-08-07,negative,46,2.7826
2017-08-07,neutral,42,2.7381
2017-08-14,positive,115,3.7217
2017-08-14,neutral,57,2.7368
2017-08-14,negative,46,2.5
2017-08-21,positive,95,3.6
2017-08-21,neutral,34,2.7647
2017-08-21,negative,27,2.4444
2017-08-28,positive,76,3.4474
2017-08-28,neutral,39,2.7949
2017-08-28,negative,23,2.3913
2017-09-04,positive,87,3.5517
2017-09-04,neutral,35,2.8
2017-09-04,negative,31,2.2581
2017-09-11,positive,89,3.2584
2017-09-11,neutral,38,2.7105
2017-09-11,negative,25,2.72
2017-09-18,positive,96,3.2917
2017-09-18,neutral,46,2.8261
2017-09-18,negative,34,2.1765
2017-09-25,positive,92,3.2283
2017-09-25,neutral,52,2.5769
2017-09-25,negative,50,2.28
2017-10-02,positive,80,3.2375
2017-10-02,neutral,45,2.4444
2017-10-02,negative,35,2.7143
2017-10-09,positive,88,3.4432
2017-10-09,neutral,40,2.575
2017-10-09,negative,30,2.4333
2017-10-16,positive,71,3.2817
2017-10-16,neutral,42,2.5714
2017-10-16,negative,31,2.5161
2017-10-23,positive,97,3.2062
2017-10-23,neutral,59,2.4407
2017-10-23,negative,37,2.2973
2017-10-30,positive,64,3.2188
2017-10-30,neutral,34,2.5588
2017-10-30,negative,28,2.3571
2017-11-06,positive,207,3.3092
2017-11-06,neutral,68,2.6765
2017-11-06,negative,56,2.5893
2017-11-13,positive,141,3.1277
2017-11-13,neutral,54,2.7593
2017-11-13,negative,42,2.4048
2017-11-20,positive,115,3.4696
2017-11-20,neutral,55,2.4364
2017-11-20,negative,45,2.3333
2017-11-27,positive,97,3.2268
2017-11-27,neutral,51,2.6863
2017-11-27,negative,39,2.4615
2017-12-04,positive,132,3.5606
2017-12-04,neutral,54,2.5741
2017-12-04,negative,43,2.3488
2017-12-11,positive,125,3.36
2017-12-11,neutral,60,2.7333
2017-12-11,negative,41,2.2683
2017-12-18,positive,105,3.2571
2017-12-18,neutral,53,2.8113
2017-12-18,negative,44,2.3636
2017-12-25,positive,127,3.6299
2017-12-25,neutral,76,2.6447
2017-12-25,negative,49,2.1837
2018-01-01,positive,98,3.0612
2018-01-01,neutral,59,2.6271
2018-01-01,negative,48,2.3333
2018-01-08,positive,101,3.297
2018-01-08,neutral,50,2.48
2018-01-08,negative,48,2.3125
2018-01-15,positive,100,3.14
2018-01-15,neutral,53,2.5849
2018-01-15,negative,38,2.1579
2018-01-22,positive,67,3.2239
2018-01-22,neutral,45,2.5556
2018-01-22,negative,40,2.1
2018-01-29,positive,80,3.3625
2018-01-29,neutral,65,2.6
2018-01-29,negative,38,2.1842
2018-02-05,positive,79,3.2405
2018-02-05,neutral,42,2.5476
2018-02-05,negative,38,2.0789
2018-02-12,positive,90,3.1444
2018-02-12,negative,40,2.0
2018-02-12,neutral,39,2.6667
2018-02-19,positive,111,3.1532
2018-02-19,neutral,54,2.8519
2018-02-19,negative,40,2.15
2018-02-26,positive,101,3.4653
2018-02-26,neutral,61,2.5738
2018-02-26,negative,49,2.3469
2018-03-05,positive,108,3.3519
2018-03-05,neutral,49,2.551
2018-03-05,negative,39,2.0513
2018-03-12,positive,224,3.4911
2018-03-12,neutral,139,2.3813
2018-03-12,negative,136,1.9265
2018-03-19,positive,107,3.2897
2018-03-19,neutral,67,2.3433
2018-03-19,negative,65,2.2154
2018-03-26,positive,122,3.2705
2018-03-26,neutral,60,2.7333
2018-03-26,negative,52,2.0769
2018-04-02,positive,145,3.2069
2018-04-02,negative,61,2.1639
2018-04-02,neutral,61,2.541
2018-04-09,positive,108,3.2593
2018-04-09,neutral,65,2.6308
2018-04-09,negative,56,2.2321
2018-04-16,positive,119,3.1849
2018-04-16,neutral,45,2.7333
2018-04-16,negative,42,2.4524
2018-04-23,positive,108,3.3333
2018-04-23,negative,47,2.1064
2018-04-23,neutral,47,2.7021
2018-04-30,positive,104,3.3942
2018-04-30,neutral,59,2.5085
2018-04-30,negative,49,2.3469
2018-05-07,positive,121,3.3719
2018-05-07,neutral,44,2.6136
2018-05-07,negative,42,1.8333
2018-05-14,positive,93,3.3763
2018-05-14,neutral,61,2.6721
2018-05-14,negative,60,2.2167
2018-05-21,positive,82,3.3293
2018-05-21,neutral,44,2.5682
2018-05-21,negative,33,2.303
2018-05-28,positive,97,3.299
2018-05-28,neutral,50,2.66
2018-05-28,negative,38,2.4737
2018-06-04,positive,95,3.1053
2018-06-04,negative,50,2.38
2018-06-04,neutral,42,2.881
2018-06-11,positive,90,3.3222
2018-06-11,neutral,58,2.5862
2018-06-11,negative,36,2.25
2018-06-18,positive,78,3.0513
2018-06-18,negative,57,2.2456
2018-06-18,neutral,53,2.434
2018-06-25,positive,95,3.2526
2018-06-25,negative,50,2.64
2018-06-25,neutral,36,2.6389
2018-07-02,positive,89,3.3034
2018-07-02,neutral,50,2.68
2018-07-02,negative,38,2.0263
2018-07-09,positive,91,3.2967
2018-07-09,negative,42,2.2857
2018-07-09,neutral,38,2.4737
2018-07-16,positive,93,3.2903
2018-07-16,negative,48,2.3958
2018-07-16,neutral,45,2.7111
2018-07-23,positive,106,3.3302
2018-07-23,neutral,61,2.3934
2018-07-23,negative,48,2.3542
2018-07-30,positive,96,3.2604
2018-07-30,neutral,71,2.5634
2018-07-30,negative,49,2.4082
2018-08-06,positive,107,3.3832
2018-08-06,negative,57,2.2281
2018-08-06,neutral,53,2.566
2018-08-13,positive,105,3.1714
2018-08-13,neutral,78,2.6026
2018-08-13,negative,51,2.2941
2018-08-20,positive,108,3.3519
2018-08-20,negative,52,2.3269
2018-08-20,neutral,48,2.7708
2018-08-27,positive,123,3.2764
2018-08-27,neutral,60,2.7167
2018-08-27,negative,50,2.2
2018-09-03,positive,128,3.375
2018-09-03,negative,65,2.0154
2018-09-03,neutral,62,2.4839
2018-09-10,positive,561,3.8467
2018-09-10,negative,220,2.2682
2018-09-10,neutral,131,2.9618
2018-09-17,positive,783,3.6628
2018-09-17,negative,348,2.1236
2018-09-17,neutral,223,2.5874
2018-09-24,positive,998,3.8277
2018-09-24,negative,331,2.3172
2018-09-24,neutral,282,2.6206
2018-10-01,positive,959,3.756
2018-10-01,negative,332,2.1958
2018-10-01,neutral,273,2.8425
2018-10-08,positive,969,3.7059
2018-10-08,negative,283,2.212
2018-10-08,neutral,241,2.7261
2018-10-15,positive,870,3.7264
2018-10-15,negative,280,2.2643
2018-10-15,neutral,213,2.9061
2018-10-22,positive,1135,3.9031
2018-10-22,negative,350,2.5286
2018-10-22,neutral,315,2.9968
2018-10-29,positive,968,3.8182
2018-10-29,negative,311,2.3762
2018-10-29,neutral,214,2.9112
2018-11-05,positive,1085,3.965
2018-11-05,negative,297,2.2458
2018-11-05,neutral,266,2.9925
2018-11-12,positive,963,3.866
2018-11-12,negative,310,2.4258
2018-11-12,neutral,255,2.8863
2018-11-19,positive,861,3.8641
2018-11-19,negative,309,2.301
2018-11-19,neutral,241,2.7676
2018-11-26,positive,943,3.8441
2018-11-26,negative,308,2.2825
2018-11-26,neutral,222,2.9009
2018-12-03,positive,919,3.8651
2018-12-03,negative,275,2.2182
2018-12-03,neutral,227,2.837
2018-12-10,positive,821,3.7649
2018-12-10,negative,343,2.2624
2018-12-10,neutral,235,2.7191
2018-12-17,positive,1041,3.8348
2018-12-17,negative,325,2.2985
2018-12-17,neutral,227,2.7665
2018-12-24,positive,945,3.7577
2018-12-24,negative,341,2.2111
2018-12-24,neutral,228,2.7412
2018-12-31,positive,1122,3.8405
2018-12-31,negative,345,2.058
2018-12-31,neutral,216,2.7037
2019-01-07,positive,917,3.8026
2019-01-07,negative,314,2.1306
2019-01-07,neutral,240,2.7417
2019-01-14,positive,960,3.7208
2019-01-14,negative,300,2.0433
2019-01-14,neutral,230,2.6826
2019-01-21,positive,1012,3.6196
2019-01-21,negative,305,2.1836
2019-01-21,neutral,220,2.6273
2019-01-28,positive,1001,3.7532
2019-01-28,negative,292,2.2705
2019-01-28,neutral,278,2.6727
2019-02-04,positive,1194,3.7379
2019-02-04,negative,335,2.2239
2019-02-04,neutral,271,2.7749
2019-02-11,positive,1041,3.8252
2019-02-11,negative,367,2.0845
2019-02-11,neutral,271,2.7343
2019-02-18,positive,1195,3.7615
2019-02-18,negative,332,2.1867
2019-02-18,neutral,262,2.855
2019-02-25,positive,1053,3.7379
2019-02-25,negative,310,2.1548
2019-02-25,neutral,221,2.7828
2019-03-04,positive,1077,3.6685
2019-03-04,negative,311,2.2315
2019-03-04,neutral,237,2.7553
2019-03-11,positive,1084,3.7878
2019-03-11,negative,305,2.1836
2019-03-11,neutral,248,2.6815
2019-03-18,positive,1297,3.7818
2019-03-18,negative,393,1.9567
2019-03-18,neutral,382,2.6597
2019-03-25,positive,1243,3.8463
2019-03-25,negative,411,2.1873
2019-03-25,neutral,337,2.6677
2019-04-01,positive,1102,3.6915
2019-04-01,negative,331,2.2296
2019-04-01,neutral,279,2.6129
2019-04-08,positive,1232,3.6843
2019-04-08,negative,407,2.1499
2019-04-08,neutral,280,2.6786
2019-04-15,positive,1067,3.6261
2019-04-15,negative,340,2.1382
2019-04-15,neutral,271,2.7306
2019-04-22,positive,1111,3.6301
2019-04-22,negative,348,2.0517
2019-04-22,neutral,250,2.792
2019-04-29,positive,1068,3.5983
2019-04-29,negative,385,2.1247
2019-04-29,neutral,267,2.6067
2019-05-06,positive,1122,3.6328
2019-05-06,negative,342,1.9825
2019-05-06,neutral,247,2.6194
2019-05-13,positive,1167,3.7455
2019-05-13,negative,361,2.1385
2019-05-13,neutral,235,2.7404
2019-05-20,positive,1082,3.6682
2019-05-20,negative,368,2.1766
2019-05-20,neutral,271,2.8007
2019-05-27,positive,1232,3.681
2019-05-27,negative,407,2.1572
2019-05-27,neutral,286,2.5524
2019-06-03,positive,1122,3.6872
2019-06-03,negative,412,2.1578
2019-06-03,neutral,278,2.6151
2019-06-10,positive,1124,3.6023
2019-06-10,negative,431,2.1206
2019-06-10,neutral,269,2.4684
2019-06-17,positive,1088,3.5901
2019-06-17,negative,380,2.0816
2019-06-17,neutral,271,2.5941
2019-06-24,positive,1133,3.6717
2019-06-24,negative,399,2.1529
2019-06-24,neutral,273,2.5275
2019-07-01,positive,1113,3.6352
2019-07-01,negative,345,2.0986
2019-07-01,neutral,306,2.6993
2019-07-08,positive,1124,3.6566
2019-07-08,negative,429,1.8625
2019-07-08,neutral,263,2.4829
2019-07-15,positive,1237,3.806
2019-07-15,negative,367,2.0736
2019-07-15,neutral,277,2.7292
2019-07-22,positive,1582,3.9532
2019-07-22,negative,403,2.1588
2019-07-22,neutral,319,2.9749
2019-07-29,positive,1527,3.8258
2019-07-29,negative,437,2.1442
2019-07-29,neutral,353,2.8045
2019-08-05,positive,1416,3.5763
2019-08-05,negative,482,2.0436
2019-08-05,neutral,343,2.6181
2019-08-12,positive,1445,3.5543
2019-08-12,negative,522,1.9943
2019-08-12,neutral,349,2.5215
2019-08-19,positive,1278,3.5532
2019-08-19,negative,513,1.9688
2019-08-19,neutral,364,2.5989
2019-08-26,positive,1280,3.5945
2019-08-26,negative,408,2.1176
2019-08-26,neutral,315,2.5429
2019-09-02,positive,1210,3.6132
2019-09-02,negative,407,1.9681
2019-09-02,neutral,316,2.6329
2019-09-09,positive,1112,3.6097
2019-09-09,negative,371,1.9515
2019-09-09,neutral,300,2.7233
2019-09-16,positive,1216,3.5773
2019-09-16,negative,467,1.9893
2019-09-16,neutral,308,2.6169
2019-09-23,positive,2581,3.5951
2019-09-23,negative,734,2.0804
2019-09-23,neutral,410,2.5463
2019-09-30,positive,1711,3.55
2019-09-30,negative,509,2.0373
2019-09-30,neutral,335,2.7493
2019-10-07,positive,1314,3.5715
2019-10-07,negative,464,1.9978
2019-10-07,neutral,299,2.6321
2019-10-14,positive,1264,3.5649
2019-10-14,negative,464,2.1142
2019-10-14,neutral,321,2.5639
2019-10-21,positive,1325,3.6
2019-10-21,negative,465,2.0839
2019-10-21,neutral,302,2.7053
2019-10-28,positive,1091,3.5894
2019-10-28,negative,396,2.0556
2019-10-28,neutral,281,2.5552
2019-11-04,positive,1128,3.6658
2019-11-04,negative,402,1.9776
2019-11-04,neutral,267,2.7903
2019-11-11,positive,1192,3.6326
2019-11-11,negative,407,2.1204
2019-11-11,neutral,242,2.686
2019-11-18,positive,1276,3.576
2019-11-18,negative,389,2.1594
2019-11-18,neutral,299,2.408
2019-11-25,positive,1184,3.5659
2019-11-25,negative,383,2.0653
2019-11-25,neutral,295,2.7119
2019-12-02,positive,1391,3.5572
2019-12-02,negative,448,2.0848
2019-12-02,neutral,322,2.5839
2019-12-09,positive,1325,3.5758
2019-12-09,negative,470,2.1319
2019-12-09,neutral,315,2.5111
2019-12-16,positive,1214,3.5239
2019-12-16,negative,466,2.2167
2019-12-16,neutral,314,2.6879
2019-12-23,positive,1284,3.6417
2019-12-23,negative,443,2.1964
2019-12-23,neutral,298,2.7752
2019-12-30,positive,1420,3.5838
2019-12-30,negative,473,1.9915
2019-12-30,neutral,361,2.6898
2020-01-06,positive,1729,3.8768
2020-01-06,negative,479,2.1378
2020-01-06,neutral,448,3.2746
2020-01-13,positive,1761,3.7592
2020-01-13,negative,516,2.1628
2020-01-13,neutral,465,3.0602
2020-01-20,positive,1460,3.6171
2020-01-20,negative,454,2.0
2020-01-20,neutral,342,2.7807
2020-01-27,positive,1288,3.6483
2020-01-27,negative,471,2.0594
2020-01-27,neutral,310,2.6581
2020-02-03,positive,1318,3.5956
2020-02-03,negative,438,2.0571
2020-02-03,neutral,333,2.6847
2020-02-10,positive,1258,3.6486
2020-02-10,negative,462,2.1667
2020-02-10,neutral,319,2.6176
2020-02-17,positive,1260,3.6119
2020-02-17,negative,428,2.1262
2020-02-17,neutral,328,2.6006
2020-02-24,positive,1329,3.5997
2020-02-24,negative,462,2.0
2020-02-24,neutral,329,2.538
2020-03-02,positive,1361,3.6723
2020-03-02,negative,433,2.0901
2020-03-02,neutral,297,2.734
2020-03-09,positive,1410,3.6638
2020-03-09,negative,484,2.2004
2020-03-09,neutral,314,2.7548
2020-03-16,positive,1542,3.6984
2020-03-16,negative,543,2.0994
2020-03-16,neutral,395,2.6152
2020-03-23,positive,2265,3.585
2020-03-23,negative,729,2.0096
2020-03-23,neutral,544,2.4853
2020-03-30,positive,2508,3.6726
2020-03-30,negative,715,2.1455
2020-03-30,neutral,548,2.6369
2020-04-06,positive,2610,3.6126
2020-04-06,negative,804,2.0746
2020-04-06,neutral,531,2.6874
2020-04-13,positive,2571,3.6496
2020-04-13,negative,810,2.137
2020-04-13,neutral,602,2.5847
2020-04-20,positive,2491,3.5564
2020-04-20,negative,867,2.1442
2020-04-20,neutral,638,2.5423
2020-04-27,positive,2330,3.5421
2020-04-27,negative,776,1.9897
2020-04-27,neutral,551,2.5445
2020-05-04,positive,1986,3.5433
2020-05-04,negative,771,2.0428
2020-05-04,neutral,505,2.5564
2020-05-11,positive,2073,3.5538
2020-05-11,negative,800,2.0712
2020-05-11,neutral,535,2.6505
2020-05-18,positive,1957,3.5207
2020-05-18,negative,755,2.0225
2020-05-18,neutral,530,2.4566
2020-05-25,positive,1921,3.6127
2020-05-25,negative,791,2.0746
2020-05-25,neutral,489,2.5235
2020-06-01,positive,2032,3.6412
2020-06-01,negative,657,2.2192
2020-06-01,neutral,466,2.6609
2020-06-08,positive,1751,3.5951
2020-06-08,negative,651,2.1982
2020-06-08,neutral,448,2.6518
2020-06-15,positive,1642,3.5177
2020-06-15,negative,595,2.0756
2020-06-15,neutral,408,2.5711
2020-06-22,positive,1616,3.5675
2020-06-22,negative,621,2.0548
2020-06-22,neutral,405,2.5259
2020-06-29,positive,1782,3.4018
2020-06-29,negative,702,2.0114
2020-06-29,neutral,445,2.5393
2020-07-06,positive,1869,3.5334
2020-07-06,negative,670,2.0507
2020-07-06,neutral,471,2.5308
2020-07-13,positive,1728,3.5642
2020-07-13,negative,610,2.1197
2020-07-13,neutral,378,2.6561
2020-07-20,positive,2034,3.6868
2020-07-20,negative,618,2.2087
2020-07-20,neutral,408,2.6422
2020-07-27,positive,1901,3.6107
2020-07-27,negative,676,2.0429
2020-07-27,neutral,432,2.6181
2020-08-03,positive,1784,3.6312
2020-08-03,negative,590,2.2102
2020-08-03,neutral,434,2.5553
2020-08-10,positive,2028,3.642
2020-08-10,negative,675,2.1363
2020-08-10,neutral,445,2.6427
2020-08-17,positive,1808,3.6272
2020-08-17,negative,577,2.1802
2020-08-17,neutral,406,2.6281
2020-08-24,positive,1835,3.709
2020-08-24,negative,583,2.1389
2020-08-24,neutral,431,2.6682
2020-08-31,positive,1730,3.6214
2020-08-31,negative,556,2.1673
2020-08-31,neutral,431,2.7889
2020-09-07,positive,1727,3.6896
2020-09-07,negative,548,2.2245
2020-09-07,neutral,431,2.6009
2020-09-14,positive,1625,3.6431
2020-09-14,negative,533,2.0882
2020-09-14,neutral,424,2.6533
2020-09-21,positive,1568,3.5938
2020-09-21,negative,575,2.0991
2020-09-21,neutral,430,2.6535
2020-09-28,positive,1760,3.6574
2020-09-28,negative,562,2.1637
2020-09-28,neutral,425,2.4753
2020-10-05,positive,1602,3.593
2020-10-05,negative,559,2.1002
2020-10-05,neutral,360,2.65
2020-10-12,positive,1726,3.617
2020-10-12,negative,576,2.0781
2020-10-12,neutral,386,2.6813
2020-10-19,positive,1774,3.4295
2020-10-19,negative,714,1.986
2020-10-19,neutral,423,2.4917
2020-10-26,positive,1697,3.4278
2020-10-26,negative,685,1.9796
2020-10-26,neutral,433,2.388
2020-11-02,positive,1616,3.3868
2020-11-02,negative,649,2.0324
2020-11-02,neutral,421,2.4561
2020-11-09,positive,1655,3.4562
2020-11-09,negative,625,1.976
2020-11-09,neutral,416,2.4279
2020-11-16,positive,1728,3.5052
2020-11-16,negative,705,2.078
2020-11-16,neutral,432,2.4491
2020-11-23,positive,1624,3.556
2020-11-23,negative,633,2.1264
2020-11-23,neutral,391,2.5678
2020-11-30,positive,1800,3.5806
2020-11-30,negative,619,2.0743
2020-11-30,neutral,414,2.6208
2020-12-07,positive,1838,3.5718
2020-12-07,negative,620,2.1097
2020-12-07,neutral,459,2.573
2020-12-14,positive,1761,3.615
2020-12-14,negative,630,2.119
2020-12-14,neutral,416,2.5697
2020-12-21,positive,1718,3.5861
2020-12-21,negative,639,2.0469
2020-12-21,neutral,466,2.5
2020-12-28,positive,1943,3.5708
2020-12-28,negative,653,2.1026
2020-12-28,neutral,499,2.6553
2021-01-04,positive,1872,3.5946
2021-01-04,negative,695,2.0978
2021-01-04,neutral,444,2.4775
2021-01-11,positive,1704,3.6156
2021-01-11,negative,643,2.1213
2021-01-11,neutral,405,2.5679
2021-01-18,positive,1900,3.6395
2021-01-18,negative,666,2.1066
2021-01-18,neutral,508,2.6496
2021-01-25,positive,1782,3.5853
2021-01-25,negative,687,2.1063
2021-01-25,neutral,477,2.5241
2021-02-01,positive,2048,3.582
2021-02-01,negative,720,2.1361
2021-02-01,neutral,524,2.5821
2021-02-08,positive,1768,3.5023
2021-02-08,negative,634,2.0899
2021-02-08,neutral,455,2.5626
2021-02-15,positive,1838,3.555
2021-02-15,negative,652,2.0706
2021-02-15,neutral,483,2.5901
2021-02-22,positive,1809,3.55
2021-02-22,negative,714,1.993
2021-02-22,neutral,500,2.608
2021-03-01,positive,1768,3.5119
2021-03-01,negative,699,2.1173
2021-03-01,neutral,479,2.501
2021-03-08,positive,1893,3.4622
2021-03-08,negative,677,2.0783
2021-03-08,neutral,502,2.5976
2021-03-15,positive,1960,3.4704
2021-03-15,negative,815,1.9914
2021-03-15,neutral,578,2.3651
2021-03-22,positive,2166,3.5083
2021-03-22,negative,910,2.0549
2021-03-22,neutral,629,2.4769
2021-03-29,positive,1818,3.4818
2021-03-29,negative,776,2.0928
2021-03-29,neutral,499,2.5331
2021-04-05,positive,1626,3.4729
2021-04-05,negative,648,2.0093
2021-04-05,neutral,470,2.4511
2021-04-12,positive,1624,3.5123
2021-04-12,negative,609,2.0755
2021-04-12,neutral,458,2.5306
2021-04-19,positive,1509,3.4917
2021-04-19,negative,628,1.9968
2021-04-19,neutral,416,2.5361
2021-04-26,positive,1767,3.5959
2021-04-26,negative,680,2.1529
2021-04-26,neutral,467,2.5203
2021-05-03,positive,1664,3.5685
2021-05-03,negative,642,2.0966
2021-05-03,neutral,402,2.5174
2021-05-10,positive,1711,3.5319
2021-05-10,negative,691,1.9899
2021-05-10,neutral,429,2.4755
2021-05-17,positive,1645,3.5416
2021-05-17,negative,667,2.0675
2021-05-17,neutral,422,2.5071
2021-05-24,positive,1553,3.5821
2021-05-24,negative,652,2.1779
2021-05-24,neutral,414,2.5942
2021-05-31,positive,1625,3.5391
2021-05-31,negative,615,2.0276
2021-05-31,neutral,450,2.4889
2021-06-07,positive,1609,3.5351
2021-06-07,negative,661,2.0726
2021-06-07,neutral,449,2.5278
2021-06-14,positive,1648,3.5431
2021-06-14,negative,614,2.114
2021-06-14,neutral,381,2.5486
2021-06-21,positive,1491,3.5627
2021-06-21,negative,583,2.0635
2021-06-21,neutral,410,2.6024
2021-06-28,positive,1700,3.5559
2021-06-28,negative,632,2.0491
2021-06-28,neutral,446,2.5919
2021-07-05,positive,1729,3.5946
2021-07-05,negative,615,2.0813
2021-07-05,neutral,494,2.5628
2021-07-12,positive,1668,3.557
2021-07-12,negative,638,1.9812
2021-07-12,neutral,506,2.496
2021-07-19,positive,1833,3.5805
2021-07-19,negative,686,2.1006
2021-07-19,neutral,482,2.639
2021-07-26,positive,1692,3.5827
2021-07-26,negative,619,2.0711
2021-07-26,neutral,425,2.4894
2021-08-02,positive,1619,3.4978
2021-08-02,negative,650,2.0246
2021-08-02,neutral,421,2.5463
2021-08-09,positive,1624,3.4458
2021-08-09,negative,695,1.9396
2021-08-09,neutral,410,2.4244
2021-08-16,positive,1610,3.4602
2021-08-16,negative,675,1.9259
2021-08-16,neutral,451,2.4035
2021-08-23,positive,1574,3.4612
2021-08-23,negative,606,2.0528
2021-08-23,neutral,415,2.5807
2021-08-30,positive,1577,3.4464
2021-08-30,negative,665,2.0286
2021-08-30,neutral,426,2.4883
2021-09-06,positive,1460,3.4459
2021-09-06,negative,639,2.0266
2021-09-06,neutral,432,2.4074
2021-09-13,positive,1604,3.5181
2021-09-13,negative,680,1.9794
2021-09-13,neutral,546,2.478
2021-09-20,positive,1442,3.4626
2021-09-20,negative,553,1.9873
2021-09-20,neutral,412,2.4102
2021-09-27,positive,1700,3.3859
2021-09-27,negative,728,1.9684
2021-09-27,neutral,380,2.3789
2021-10-04,positive,1523,3.4819
2021-10-04,negative,678,1.9985
2021-10-04,neutral,392,2.4311
2021-10-11,positive,1526,3.4849
2021-10-11,negative,622,2.0241
2021-10-11,neutral,438,2.484
2021-10-18,positive,1430,3.451
2021-10-18,negative,588,1.9626
2021-10-18,neutral,483,2.5631
2021-10-25,positive,1626,3.4643
2021-10-25,negative,591,2.0288
2021-10-25,neutral,436,2.539
2021-11-01,positive,1497,3.3928
2021-11-01,negative,564,2.016
2021-11-01,neutral,387,2.553
2021-11-08,positive,1504,3.4794
2021-11-08,negative,602,2.01
2021-11-08,neutral,390,2.3641
2021-11-15,positive,1527,3.4158
2021-11-15,negative,753,1.9402
2021-11-15,neutral,515,2.4388
2021-11-22,positive,1480,3.5095
2021-11-22,negative,613,1.9429
2021-11-22,neutral,422,2.3673
2021-11-29,positive,1471,3.4827
2021-11-29,negative,626,2.0144
2021-11-29,neutral,466,2.3884
2021-12-06,positive,1481,3.5003
2021-12-06,negative,649,2.0139
2021-12-06,neutral,441,2.3719
2021-12-13,positive,1411,3.4536
2021-12-13,negative,593,2.0455
2021-12-13,neutral,400,2.56
2021-12-20,positive,1433,3.4962
2021-12-20,negative,558,2.0305
2021-12-20,neutral,387,2.5065
2021-12-27,positive,1495,3.5284
2021-12-27,negative,579,2.0656
2021-12-27,neutral,416,2.5625
2022-01-03,positive,1624,3.5548
2022-01-03,negative,650,1.9708
2022-01-03,neutral,465,2.5075
2022-01-10,positive,1499,3.4983
2022-01-10,negative,573,1.9913
2022-01-10,neutral,436,2.4243
2022-01-17,positive,1620,3.5309
2022-01-17,negative,557,1.9569
2022-01-17,neutral,440,2.5364
2022-01-24,positive,1627,3.5538
2022-01-24,negative,606,1.9703
2022-01-24,neutral,422,2.545
2022-01-31,positive,1539,3.5517
2022-01-31,negative,570,2.0491
2022-01-31,neutral,428,2.5023
2022-02-07,positive,1640,3.6567
2022-02-07,negative,604,2.0248
2022-02-07,neutral,439,2.6834
2022-02-14,positive,1515,3.5835
2022-02-14,negative,590,1.9915
2022-02-14,neutral,399,2.7018
2022-02-21,positive,1675,3.6173
2022-02-21,negative,574,1.9826
2022-02-21,neutral,468,2.5107
2022-02-28,positive,1547,3.607
2022-02-28,negative,599,2.1035
2022-02-28,neutral,437,2.5263
2022-03-07,positive,1612,3.6712
2022-03-07,negative,640,2.0281
2022-03-07,neutral,461,2.5315
2022-03-14,positive,2057,3.6524
2022-03-14,negative,943,1.8409
2022-03-14,neutral,762,2.3031
2022-03-21,positive,1766,3.5487
2022-03-21,negative,664,1.8901
2022-03-21,neutral,531,2.5537
2022-03-28,positive,1765,3.5705
2022-03-28,negative,735,1.9211
2022-03-28,neutral,494,2.4413
2022-04-04,positive,1652,3.4613
2022-04-04,negative,661,1.9849
2022-04-04,neutral,481,2.499
2022-04-11,positive,1620,3.6019
2022-04-11,negative,641,2.0577
2022-04-11,neutral,448,2.4888
2022-04-18,positive,1556,3.5231
2022-04-18,negative,623,2.0835
2022-04-18,neutral,446,2.4148
2022-04-25,positive,1724,3.5795
2022-04-25,negative,678,2.028
2022-04-25,neutral,430,2.4698
2022-05-02,positive,1633,3.5683
2022-05-02,negative,599,2.01
2022-05-02,neutral,420,2.581
2022-05-09,positive,1537,3.5615
2022-05-09,negative,569,2.0422
2022-05-09,neutral,380,2.5921
2022-05-16,positive,1478,3.5656
2022-05-16,negative,624,2.1042
2022-05-16,neutral,421,2.4893
2022-05-23,positive,1680,3.5339
2022-05-23,negative,640,2.0391
2022-05-23,neutral,457,2.3479
2022-05-30,positive,1561,3.5138
2022-05-30,negative,570,2.0333
2022-05-30,neutral,396,2.5253
2022-06-06,positive,1474,3.6343
2022-06-06,negative,648,2.0802
2022-06-06,neutral,426,2.4883
2022-06-13,positive,1534,3.5033
2022-06-13,negative,563,2.0124
2022-06-13,neutral,397,2.5894
2022-06-20,positive,1422,3.488
2022-06-20,negative,556,2.0881
2022-06-20,neutral,406,2.5
2022-06-27,positive,1492,3.4953
2022-06-27,negative,559,2.0948
2022-06-27,neutral,365,2.3562
2022-07-04,positive,1529,3.5526
2022-07-04,negative,629,2.1224
2022-07-04,neutral,430,2.5605
2022-07-11,positive,1598,3.5939
2022-07-11,negative,610,2.0393
2022-07-11,neutral,429,2.5478
2022-07-18,positive,1654,3.4885
2022-07-18,negative,708,2.0523
2022-07-18,neutral,515,2.534
2022-07-25,positive,1576,3.4689
2022-07-25,negative,661,1.9879
2022-07-25,neutral,467,2.4475
2022-08-01,positive,1563,3.4843
2022-08-01,negative,665,2.018
2022-08-01,neutral,415,2.4747
2022-08-08,positive,1475,3.4468
2022-08-08,negative,681,1.9721
2022-08-08,neutral,438,2.468
2022-08-15,positive,1532,3.5235
2022-08-15,negative,602,2.0033
2022-08-15,neutral,371,2.4016
2022-08-22,positive,1658,3.4258
2022-08-22,negative,606,1.9521
2022-08-22,neutral,435,2.4575
2022-08-29,positive,1593,3.4878
2022-08-29,negative,627,2.0271
2022-08-29,neutral,436,2.5688
2022-09-05,positive,1577,3.4699
2022-09-05,negative,645,1.9612
2022-09-05,neutral,425,2.5435
2022-09-12,positive,1437,3.4238
2022-09-12,negative,650,1.94
2022-09-12,neutral,396,2.351
2022-09-19,positive,1336,3.3907
2022-09-19,negative,576,1.8924
2022-09-19,neutral,391,2.4604
2022-09-26,positive,1382,3.4682
2022-09-26,negative,616,1.9578
2022-09-26,neutral,360,2.5139
2022-10-03,positive,1392,3.4691
2022-10-03,negative,549,1.9526
2022-10-03,neutral,366,2.5246
2022-10-10,positive,1326,3.4246
2022-10-10,negative,543,1.9429
2022-10-10,neutral,403,2.397
2022-10-17,positive,1349,3.4196
2022-10-17,negative,632,2.0396
2022-10-17,neutral,396,2.4091
2022-10-24,positive,1420,3.4134
2022-10-24,negative,591,2.0795
2022-10-24,neutral,381,2.4462
2022-10-31,positive,1478,3.4953
2022-10-31,negative,588,2.0731
2022-10-31,neutral,378,2.4286
2022-11-07,positive,1393,3.4508
2022-11-07,negative,596,1.9732
2022-11-07,neutral,408,2.4657
2022-11-14,positive,1272,3.533
2022-11-14,negative,540,1.9981
2022-11-14,neutral,373,2.3539
2022-11-21,positive,1207,3.478
2022-11-21,negative,566,1.924
2022-11-21,neutral,373,2.4826
2022-11-28,positive,1550,3.6161
2022-11-28,negative,630,1.9794
2022-11-28,neutral,404,2.3441
2022-12-05,positive,1334,3.3846
2022-12-05,negative,613,1.8972
2022-12-05,neutral,374,2.2594
2022-12-12,positive,1242,3.4034
2022-12-12,negative,578,2.0017
2022-12-12,neutral,342,2.3713
2022-12-19,positive,1244,3.5024
2022-12-19,negative,513,2.0253
2022-12-19,neutral,328,2.4939
2022-12-26,positive,1338,3.4567
2022-12-26,negative,531,1.9887
2022-12-26,neutral,395,2.4152
2023-01-02,positive,1919,3.519
2023-01-02,negative,782,1.9271
2023-01-02,neutral,571,2.4834
2023-01-09,positive,1698,3.5071
2023-01-09,negative,641,2.0156
2023-01-09,neutral,474,2.3776
2023-01-16,positive,1805,3.5823
2023-01-16,negative,655,2.0015
2023-01-16,neutral,479,2.4447
2023-01-23,positive,1378,3.4869
2023-01-23,negative,550,1.92
2023-01-23,neutral,412,2.4515
2023-01-30,positive,1373,3.4858
2023-01-30,negative,549,2.0018
2023-01-30,neutral,397,2.5063
2023-02-06,positive,1471,3.5044
2023-02-06,negative,573,1.9738
2023-02-06,neutral,398,2.4925
2023-02-13,positive,1372,3.4891
2023-02-13,negative,606,1.9851
2023-02-13,neutral,429,2.4266
2023-02-20,positive,1352,3.5503
2023-02-20,negative,546,1.9744
2023-02-20,neutral,398,2.5251
2023-02-27,positive,1325,3.5487
2023-02-27,negative,525,1.9638
2023-02-27,neutral,372,2.6129
2023-03-06,positive,1304,3.4172
2023-03-06,negative,568,1.9947
2023-03-06,neutral,375,2.4373
2023-03-13,positive,1544,3.579
2023-03-13,negative,621,2.0016
2023-03-13,neutral,444,2.3671
2023-03-20,positive,1455,3.5058
2023-03-20,negative,640,1.975
2023-03-20,neutral,412,2.4539
2023-03-27,positive,1403,3.4947
2023-03-27,negative,584,1.9692
2023-03-27,neutral,444,2.4707
2023-04-03,positive,1297,3.4549
2023-04-03,negative,526,2.0646
2023-04-03,neutral,354,2.5734
2023-04-10,positive,1335,3.4419
2023-04-10,negative,610,1.9967
2023-04-10,neutral,365,2.4192
2023-04-17,positive,1377,3.5178
2023-04-17,negative,583,2.024
2023-04-17,neutral,409,2.4181
2023-04-24,positive,1317,3.391
2023-04-24,negative,604,1.803
2023-04-24,neutral,414,2.3623
2023-05-01,positive,1210,3.405
2023-05-01,negative,523,1.8738
2023-05-01,neutral,327,2.3945
2023-05-08,positive,1116,3.4409
2023-05-08,negative,513,1.9006
2023-05-08,neutral,299,2.4749
2023-05-15,positive,1086,3.3554
2023-05-15,negative,540,1.9315
2023-05-15,neutral,322,2.3478
2023-05-22,positive,1218,3.4039
2023-05-22,negative,535,1.9533
2023-05-22,neutral,341,2.4457
2023-05-29,positive,1243,3.4336
2023-05-29,negative,522,2.0709
2023-05-29,neutral,350,2.4143
2023-06-05,positive,1130,3.4646
2023-06-05,negative,498,1.996
2023-06-05,neutral,352,2.5256
2023-06-12,positive,1197,3.4979
2023-06-12,negative,515,2.0039
2023-06-12,neutral,367,2.4332
2023-06-19,positive,1200,3.5208
2023-06-19,negative,523,1.8604
2023-06-19,neutral,348,2.4109
2023-06-26,positive,1335,3.5266
2023-06-26,negative,535,1.9776
2023-06-26,neutral,430,2.4047
2023-07-03,positive,1303,3.5012
2023-07-03,negative,564,2.039
2023-07-03,neutral,384,2.4531
2023-07-10,positive,1295,3.5429
2023-07-10,negative,588,1.9354
2023-07-10,neutral,401,2.3691
2023-07-17,positive,1398,3.5179
2023-07-17,negative,607,1.9918
2023-07-17,neutral,397,2.5693
2023-07-24,positive,1335,3.4644
2023-07-24,negative,539,2.0056
2023-07-24,neutral,389,2.3856
2023-07-31,positive,1273,3.4847
2023-07-31,negative,574,1.993
2023-07-31,neutral,404,2.448
2023-08-07,positive,1282,3.3783
2023-08-07,negative,616,2.0032
2023-08-07,neutral,378,2.5291
2023-08-14,positive,1262,3.4699
2023-08-14,negative,555,2.0378
2023-08-14,neutral,389,2.5064
2023-08-21,positive,1324,3.5242
2023-08-21,negative,553,1.9982
2023-08-21,neutral,393,2.4911
2023-08-28,positive,1208,3.4735
2023-08-28,negative,544,1.9651
2023-08-28,neutral,374,2.2968
2023-09-04,positive,1272,3.4914
2023-09-04,negative,594,1.8367
2023-09-04,neutral,380,2.4763
2023-09-11,positive,1325,3.4634
2023-09-11,negative,584,1.9503
2023-09-11,neutral,374,2.3877
2023-09-18,positive,1254,3.4681
2023-09-18,negative,586,1.9966
2023-09-18,neutral,427,2.3958
2023-09-25,positive,1353,3.4959
2023-09-25,negative,591,2.0491
2023-09-25,neutral,413,2.385
2023-10-02,positive,1328,3.4383
2023-10-02,negative,597,1.9966
2023-10-02,neutral,435,2.3885
2023-10-09,positive,1318,3.5326
2023-10-09,negative,533,1.955
2023-10-09,neutral,394,2.5279
2023-10-16,positive,1343,3.5264
2023-10-16,negative,541,2.0314
2023-10-16,neutral,483,2.528
2023-10-23,positive,1285,3.5043
2023-10-23,negative,562,1.9573
2023-10-23,neutral,383,2.5587
2023-10-30,positive,1264,3.4976
2023-10-30,negative,579,2.0035
2023-10-30,neutral,422,2.4668
2023-11-06,positive,1448,3.5166
2023-11-06,negative,561,1.9661
2023-11-06,neutral,416,2.4519
2023-11-13,positive,1286,3.5684
2023-11-13,negative,572,2.0052
2023-11-13,neutral,431,2.6032
2023-11-20,positive,1377,3.5214
2023-11-20,negative,563,2.0639
2023-11-20,neutral,360,2.5083
2023-11-27,positive,1396,3.5308
2023-11-27,negative,579,1.9879
2023-11-27,neutral,412,2.5146
2023-12-04,positive,1391,3.5219
2023-12-04,negative,564,2.0319
2023-12-04,neutral,430,2.5791
2023-12-11,positive,1465,3.5433
2023-12-11,negative,569,1.9578
2023-12-11,neutral,391,2.4527
2023-12-18,positive,1433,3.5373
2023-12-18,negative,624,2.0577
2023-12-18,neutral,420,2.4095
2023-12-25,positive,1550,3.5697
2023-12-25,negative,605,1.9438
2023-12-25,neutral,435,2.531
2024-01-01,positive,1631,3.5739
2024-01-01,negative,623,1.9759
2024-01-01,neutral,449,2.5546
2024-01-08,positive,1456,3.5817
2024-01-08,negative,572,2.0507
2024-01-08,neutral,397,2.7481
2024-01-15,positive,1538,3.5384
2024-01-15,negative,650,1.9923
2024-01-15,neutral,425,2.4965
2024-01-22,positive,1525,3.5331
2024-01-22,negative,612,1.9886
2024-01-22,neutral,431,2.4037
2024-01-29,positive,1560,3.5635
2024-01-29,negative,575,2.0296
2024-01-29,neutral,449,2.5768
2024-02-05,positive,1544,3.5725
2024-02-05,negative,642,1.9953
2024-02-05,neutral,467,2.4304
2024-02-12,positive,1531,3.5147
2024-02-12,negative,668,1.985
2024-02-12,neutral,455,2.5538
2024-02-19,positive,1547,3.4667
2024-02-19,negative,629,1.8712
2024-02-19,neutral,420,2.4262
2024-02-26,positive,1842,3.4435
2024-02-26,negative,841,2.0036
2024-02-26,neutral,599,2.4975
2024-03-04,positive,1750,3.6086
2024-03-04,negative,675,2.0
2024-03-04,neutral,525,2.5162
2024-03-11,positive,1952,3.4349
2024-03-11,negative,794,1.9534
2024-03-11,neutral,505,2.4653
2024-03-18,positive,1960,3.5439
2024-03-18,negative,847,1.902
2024-03-18,neutral,683,2.4392
2024-03-25,positive,1719,3.534
2024-03-25,negative,767,1.9609
2024-03-25,neutral,541,2.5508
2024-04-01,positive,1712,3.5678
2024-04-01,negative,727,1.8996
2024-04-01,neutral,493,2.4361
2024-04-08,positive,1757,3.494
2024-04-08,negative,770,1.9429
2024-04-08,neutral,517,2.4333
2024-04-15,positive,1773,3.5251
2024-04-15,negative,761,1.9264
2024-04-15,neutral,542,2.5166
2024-04-22,positive,1929,3.506
2024-04-22,negative,809,1.9691
2024-04-22,neutral,616,2.5227
2024-04-29,positive,1827,3.5545
2024-04-29,negative,788,2.0266
2024-04-29,neutral,569,2.4938
2024-05-06,positive,1676,3.5567
2024-05-06,negative,671,1.9314
2024-05-06,neutral,545,2.4917
2024-05-13,positive,1631,3.5395
2024-05-13,negative,725,1.9421
2024-05-13,neutral,527,2.444
2024-05-20,positive,1748,3.5498
2024-05-20,negative,730,1.9274
2024-05-20,neutral,489,2.591
2024-05-27,positive,1716,3.5921
2024-05-27,negative,670,1.9925
2024-05-27,neutral,528,2.4489
2024-06-03,positive,1781,3.5149
2024-06-03,negative,776,2.0657
2024-06-03,neutral,582,2.488
2024-06-10,positive,1753,3.4837
2024-06-10,negative,768,1.9401
2024-06-10,neutral,524,2.437
2024-06-17,positive,1819,3.414
2024-06-17,negative,761,2.0302
2024-06-17,neutral,583,2.5094
2024-06-24,positive,1782,3.5606
2024-06-24,negative,787,2.0216
2024-06-24,neutral,523,2.4914
2024-07-01,positive,1700,3.5365
2024-07-01,negative,731,1.948
2024-07-01,neutral,551,2.4265
2024-07-08,positive,1665,3.5508
2024-07-08,negative,690,1.9304
2024-07-08,neutral,525,2.461
2024-07-15,positive,1702,3.4095
2024-07-15,negative,739,1.8701
2024-07-15,neutral,609,2.5271
2024-07-22,positive,1664,3.4339
2024-07-22,negative,782,1.8849
2024-07-22,neutral,502,2.4402
2024-07-29,positive,1767,3.3113
2024-07-29,negative,867,1.842
2024-07-29,neutral,594,2.271
2024-08-05,positive,1843,3.6077
2024-08-05,negative,714,1.9384
2024-08-05,neutral,530,2.5189
2024-08-12,positive,1826,3.517
2024-08-12,negative,769,1.9051
2024-08-12,neutral,549,2.4189
2024-08-19,positive,1686,3.3879
2024-08-19,negative,763,1.9174
2024-08-19,neutral,535,2.5364
2024-08-26,positive,1767,3.5161
2024-08-26,negative,765,1.8758
2024-08-26,neutral,566,2.4753
2024-09-02,positive,1652,3.4788
2024-09-02,negative,744,1.8535
2024-09-02,neutral,538,2.4349
2024-09-09,positive,1772,3.3764
2024-09-09,negative,689,1.8331
2024-09-09,neutral,513,2.5166
2024-09-16,positive,1852,3.5049
2024-09-16,negative,859,1.9406
2024-09-16,neutral,575,2.4748
2024-09-23,positive,2101,3.6178
2024-09-23,negative,849,1.9611
2024-09-23,neutral,607,2.5667
2024-09-30,positive,1892,3.4752
2024-09-30,negative,811,1.9445
2024-09-30,neutral,547,2.4771
2024-10-07,positive,1947,3.454
2024-10-07,negative,837,1.9116
2024-10-07,neutral,545,2.5009
2024-10-14,positive,2223,3.6923
2024-10-14,negative,874,2.0629
2024-10-14,neutral,644,2.5823
2024-10-21,positive,2528,3.555
2024-10-21,negative,1168,1.8116
2024-10-21,neutral,814,2.4275
2024-10-28,positive,3240,3.7019
2024-10-28,negative,1323,1.8156
2024-10-28,neutral,922,2.4685
2024-11-04,positive,3427,3.6764
2024-11-04,negative,1543,1.8924
2024-11-04,neutral,1045,2.3933
2024-11-11,positive,3897,3.7698
2024-11-11,negative,1589,1.8603
2024-11-11,neutral,1108,2.5262
2024-11-18,positive,3691,3.7597
2024-11-18,negative,1703,1.7857
2024-11-18,neutral,1223,2.3712
2024-11-25,positive,3694,3.8205
2024-11-25,negative,1445,1.7744
2024-11-25,neutral,1033,2.4037
2024-12-02,positive,4236,3.7486
2024-12-02,negative,1786,1.8729
2024-12-02,neutral,1167,2.4464
2024-12-09,positive,4016,3.6521
2024-12-09,negative,1709,1.8192
2024-12-09,neutral,1038,2.4056
2024-12-16,positive,3829,3.7381
2024-12-16,negative,1513,1.8757
2024-12-16,neutral,1047,2.4565
2024-12-23,positive,3717,3.7428
2024-12-23,negative,1389,1.838
2024-12-23,neutral,943,2.3902
2024-12-30,positive,4009,3.77
2024-12-30,negative,1518,1.8379
2024-12-30,neutral,1033,2.5315
2025-01-06,positive,3899,3.751
2025-01-06,negative,1476,1.8821
2025-01-06,neutral,1009,2.4886
2025-01-13,positive,4220,3.7299
2025-01-13,negative,1666,1.8679
2025-01-13,neutral,1090,2.4468
2025-01-20,positive,4437,3.8206
2025-01-20,negative,1628,1.8956
2025-01-20,neutral,1135,2.4863
2025-01-27,positive,4983,3.897
2025-01-27,negative,1812,1.8648
2025-01-27,neutral,1189,2.476
2025-02-03,positive,5252,3.9532
2025-02-03,negative,1855,1.8485
2025-02-03,neutral,1239,2.523
2025-02-10,positive,5871,3.9165
2025-02-10,negative,1953,1.8454
2025-02-10,neutral,1415,2.5265
2025-02-17,positive,5976,3.9428
2025-02-17,negative,1991,1.8388
2025-02-17,neutral,1425,2.5481
2025-02-24,positive,7539,3.8367
2025-02-24,negative,2473,1.9495
2025-02-24,neutral,1928,2.5041
2025-03-03,positive,6975,3.9014
2025-03-03,negative,2318,1.9297
2025-03-03,neutral,1690,2.6183
2025-03-10,positive,7229,3.9808
2025-03-10,negative,2268,1.9233
2025-03-10,neutral,1662,2.6312
2025-03-17,positive,7402,4.0008
2025-03-17,negative,2393,1.8044
2025-03-17,neutral,1746,2.5441
2025-03-24,positive,7620,3.9971
2025-03-24,negative,2440,1.8615
2025-03-24,neutral,1752,2.5753
2025-03-31,positive,7341,4.0471
2025-03-31,negative,2359,1.8622
2025-03-31,neutral,1710,2.6269
2025-04-07,positive,7520,4.0815
2025-04-07,negative,2344,1.9057
2025-04-07,neutral,1813,2.61
2025-04-14,positive,4296,4.1224
2025-04-14,negative,1265,1.9407
2025-04-14,neutral,1064,2.6833
2025-04-21,positive,105,3.981
2025-04-21,neutral,25,2.48
2025-04-21,negative,20,2.35
